MDC_CODE,MDC_NAME,ADRG_CODE,ADRG_NAME
MDCA,先期分组疾病及相关操作,AA1,心脏移植
MDCA,先期分组疾病及相关操作,AB1,肝移植
MDCA,先期分组疾病及相关操作,AC1,胰/肾联合移植
MDCA,先期分组疾病及相关操作,AD1,胰腺移植
MDCA,先期分组疾病及相关操作,AE1,肾移植
MDCA,先期分组疾病及相关操作,AF1,肺移植
MDCA,先期分组疾病及相关操作,AG1,异体骨髓／造血干细胞移植
MDCA,先期分组疾病及相关操作,AG2,自体骨髓／造血干细胞移植
MDCA,先期分组疾病及相关操作,AH1,气管切开伴呼吸机支持≥96 小时或 ECMO
MDCB,神经系统疾病及功能障碍,BB1,脑创伤开颅术
MDCB,神经系统疾病及功能障碍,BB2,除创伤之外的其他开颅术
MDCB,神经系统疾病及功能障碍,BC1,伴出血诊断的颅内血管手术
MDCB,神经系统疾病及功能障碍,BC2,脑室分流及翻修手术
MDCB,神经系统疾病及功能障碍,BD1,脊髓手术
MDCB,神经系统疾病及功能障碍,BD2,神经刺激器植入或去除术
MDCB,神经系统疾病及功能障碍,BE1,颈及脑血管手术
MDCB,神经系统疾病及功能障碍,BE2,脑血管介入治疗
MDCB,神经系统疾病及功能障碍,BJ1,神经系统其他手术
MDCB,神经系统疾病及功能障碍,BL1,脑血管病溶栓治疗
MDCB,神经系统疾病及功能障碍,BM1,脑血管介入检查术
MDCB,神经系统疾病及功能障碍,BR1,颅内出血性疾患
MDCB,神经系统疾病及功能障碍,BR2,脑缺血性疾患
MDCB,神经系统疾病及功能障碍,BS1,非创伤性意识障碍
MDCB,神经系统疾病及功能障碍,BT1,病毒性脑、脊髓和脑膜炎
MDCB,神经系统疾病及功能障碍,BT2,神经系统的其他感染
MDCB,神经系统疾病及功能障碍,BU1,神经系统肿瘤
MDCB,神经系统疾病及功能障碍,BU2,神经系统变性疾患
MDCB,神经系统疾病及功能障碍,BU3,脱髓鞘病及小脑共济失调
MDCB,神经系统疾病及功能障碍,BV1,癫痫病
MDCB,神经系统疾病及功能障碍,BV2,神经源性肌肉病
MDCB,神经系统疾病及功能障碍,BV3,头痛
MDCB,神经系统疾病及功能障碍,BW1,神经系统先天性疾患
MDCB,神经系统疾病及功能障碍,BW2,脑性麻痹
MDCB,神经系统疾病及功能障碍,BX1,大脑功能失调
MDCB,神经系统疾病及功能障碍,BX2,颅神经/周围神经疾患
MDCB,神经系统疾病及功能障碍,ADRG编码,ADRG 名称
MDCB,神经系统疾病及功能障碍,BY1,颅脑开放性损伤
MDCB,神经系统疾病及功能障碍,BY2,颅脑闭合性损伤
MDCB,神经系统疾病及功能障碍,BY3,脊髓伤病及功能障碍
MDCB,神经系统疾病及功能障碍,BZ1,神经系统其他疾患
MDCC,眼疾病及功能障碍,CB1,玻璃体、视网膜手术
MDCC,眼疾病及功能障碍,CB2,虹膜手术
MDCC,眼疾病及功能障碍,CB3,晶体手术
MDCC,眼疾病及功能障碍,CB4,视网膜、虹膜及晶状体以外的内眼手术
MDCC,眼疾病及功能障碍,CC1,角膜、巩膜、结膜手术
MDCC,眼疾病及功能障碍,CD1,眼眶手术
MDCC,眼疾病及功能障碍,CD2,除眼眶外的外眼手术
MDCC,眼疾病及功能障碍,CJ1,其他眼部手术
MDCC,眼疾病及功能障碍,CR1,眼部恶性肿瘤及交界性肿瘤
MDCC,眼疾病及功能障碍,CS1,眼的神经及血管疾患
MDCC,眼疾病及功能障碍,CT1,前房出血及眼创伤的非手术治疗
MDCC,眼疾病及功能障碍,CU1,急性重大眼感染
MDCC,眼疾病及功能障碍,CV1,各种类型青光眼
MDCC,眼疾病及功能障碍,CW1,各种类型白内障
MDCC,眼疾病及功能障碍,CX1,其他疾患引起眼部病变
MDCC,眼疾病及功能障碍,CZ1,其他眼部疾患
MDCD,头颈、耳、鼻、口、咽疾病及功能障碍,DA1,头颈恶性肿瘤大手术
MDCD,头颈、耳、鼻、口、咽疾病及功能障碍,DB1,恶性肿瘤之外的头颈大手术
MDCD,头颈、耳、鼻、口、咽疾病及功能障碍,DB2,人工听觉装置植入
MDCD,头颈、耳、鼻、口、咽疾病及功能障碍,DC1,中耳/内耳/侧颅底手术
MDCD,头颈、耳、鼻、口、咽疾病及功能障碍,DC2,耳部其他小手术
MDCD,头颈、耳、鼻、口、咽疾病及功能障碍,DD1,鼻成型术
MDCD,头颈、耳、鼻、口、咽疾病及功能障碍,DD2,鼻腔、鼻窦手术
MDCD,头颈、耳、鼻、口、咽疾病及功能障碍,DE1,咽、喉、气管手术
MDCD,头颈、耳、鼻、口、咽疾病及功能障碍,DE2,扁桃体和/或腺样体切除手术
MDCD,头颈、耳、鼻、口、咽疾病及功能障碍,DG1,腮腺及其他唾液腺手术
MDCD,头颈、耳、鼻、口、咽疾病及功能障碍,DG2,颅/面骨手术
MDCD,头颈、耳、鼻、口、咽疾病及功能障碍,DG3,唇、腭裂修补术
MDCD,头颈、耳、鼻、口、咽疾病及功能障碍,DJ1,头颈、耳、鼻、咽、口其他手术
MDCD,头颈、耳、鼻、口、咽疾病及功能障碍,DK1,其他头颈、耳、鼻、咽、口治疗操作
MDCD,头颈、耳、鼻、口、咽疾病及功能障碍,DR1,头颈、耳、鼻、咽、口恶性肿瘤
MDCD,头颈、耳、鼻、口、咽疾病及功能障碍,DS1,平衡失调及听觉障碍
MDCD,头颈、耳、鼻、口、咽疾病及功能障碍,DT1,中耳炎及上呼吸道感染
MDCD,头颈、耳、鼻、口、咽疾病及功能障碍,DT2,会厌炎、喉炎及气管炎
MDCD,头颈、耳、鼻、口、咽疾病及功能障碍,DU1,头颈、外耳、口、鼻的创伤及变形
MDCD,头颈、耳、鼻、口、咽疾病及功能障碍,DV1,头颈、耳、鼻、咽、口非恶性增生性疾患
MDCD,头颈、耳、鼻、口、咽疾病及功能障碍,DW1,口腔、牙齿有关疾患
MDCD,头颈、耳、鼻、口、咽疾病及功能障碍,DZ1,其他头颈、耳、鼻、咽、口疾患
MDCE,呼吸系统疾病及功能障碍,EB1,胸部大手术
MDCE,呼吸系统疾病及功能障碍,EC1,纵隔手术
MDCE,呼吸系统疾病及功能障碍,ED1,胸部其他手术
MDCE,呼吸系统疾病及功能障碍,EJ1,呼吸系统其他手术
MDCE,呼吸系统疾病及功能障碍,ER1,呼吸系统肿瘤
MDCE,呼吸系统疾病及功能障碍,ER2,肺栓塞
MDCE,呼吸系统疾病及功能障碍,ER3,肺水肿及呼吸衰竭
MDCE,呼吸系统疾病及功能障碍,ES1,呼吸系统结核
MDCE,呼吸系统疾病及功能障碍,ES2,呼吸系统感染/炎症
MDCE,呼吸系统疾病及功能障碍,ET1,肺间质性疾患
MDCE,呼吸系统疾病及功能障碍,ET2,慢性气道阻塞病
MDCE,呼吸系统疾病及功能障碍,EU1,重大胸部创伤
MDCE,呼吸系统疾病及功能障碍,EV1,呼吸系统症状、体征
MDCE,呼吸系统疾病及功能障碍,EW1,胸膜病变及胸腔积液
MDCE,呼吸系统疾病及功能障碍,EX1,哮喘及喘息性支气管炎
MDCE,呼吸系统疾病及功能障碍,EX2,百日咳及急性支气管炎
MDCE,呼吸系统疾病及功能障碍,EZ1,其他呼吸系统疾患
MDCF,循环系统疾病及功能障碍,FB1,心脏辅助系统植入
MDCF,循环系统疾病及功能障碍,FB2,心脏瓣膜手术伴心导管操作
MDCF,循环系统疾病及功能障碍,FB3,心脏瓣膜手术
MDCF,循环系统疾病及功能障碍,FC1,冠状动脉搭桥伴 PTCA
MDCF,循环系统疾病及功能障碍,FC2,冠状动脉搭桥伴心导管操作
MDCF,循环系统疾病及功能障碍,FC3,冠状动脉搭桥
MDCF,循环系统疾病及功能障碍,FD1,先天性心脏病复杂手术
MDCF,循环系统疾病及功能障碍,FD2,先天性心脏病常规手术
MDCF,循环系统疾病及功能障碍,FD3,先天性心脏病介入治疗
MDCF,循环系统疾病及功能障碍,FE1,主动脉手术
MDCF,循环系统疾病及功能障碍,FF1,外周动脉人工/自体血管置换/搭桥手术
MDCF,循环系统疾病及功能障碍,FF2,外周动脉其他手术
MDCF,循环系统疾病及功能障碍,FF3,静脉系统复杂手术
MDCF,循环系统疾病及功能障碍,FF4,静脉系统常规手术
MDCF,循环系统疾病及功能障碍,FJ1,循环系统其他手术
MDCF,循环系统疾病及功能障碍,FK1,永久性起搏器植入
MDCF,循环系统疾病及功能障碍,FK2,心脏起搏器置换或更新
MDCF,循环系统疾病及功能障碍,FK3,心脏除颤器植入或更新
MDCF,循环系统疾病及功能障碍,FL1,经皮心脏消融术伴房颤和/或房扑
MDCF,循环系统疾病及功能障碍,FL2,经皮心脏消融术除房扑、房颤外其他心律失常
MDCF,循环系统疾病及功能障碍,FM1,经皮冠状动脉支架植入
MDCF,循环系统疾病及功能障碍,FM2,其他经皮心血管治疗
MDCF,循环系统疾病及功能障碍,FM3,经皮心导管检查操作
MDCF,循环系统疾病及功能障碍,FN1,外周动脉经皮血管内检查和/或治疗
MDCF,循环系统疾病及功能障碍,FN2,外周静脉经皮血管内检查和/或治疗
MDCF,循环系统疾病及功能障碍,FR1,心力衰竭、休克
MDCF,循环系统疾病及功能障碍,FR2,急性心肌梗死
MDCF,循环系统疾病及功能障碍,FR3,心绞痛
MDCF,循环系统疾病及功能障碍,FR4,冠状动脉粥样硬化/血栓/闭塞
MDCF,循环系统疾病及功能障碍,FS1,循环系统肿瘤
MDCF,循环系统疾病及功能障碍,FT1,心肌病
MDCF,循环系统疾病及功能障碍,FT2,感染性心内膜炎
MDCF,循环系统疾病及功能障碍,FT3,瓣膜疾患
MDCF,循环系统疾病及功能障碍,FU1,严重心律失常及心脏停搏
MDCF,循环系统疾病及功能障碍,FU2,心律失常及传导障碍
MDCF,循环系统疾病及功能障碍,FV1,先天性心脏病
MDCF,循环系统疾病及功能障碍,FV2,高血压
MDCF,循环系统疾病及功能障碍,FV3,晕厥及/或虚脱
MDCF,循环系统疾病及功能障碍,FV4,胸痛
MDCF,循环系统疾病及功能障碍,FW1,动脉疾患
MDCF,循环系统疾病及功能障碍,FW2,静脉疾患
MDCF,循环系统疾病及功能障碍,FZ1,其他循环系统疾患
MDCG,消化系统疾病及功能障碍,GB1,食管、胃、十二指肠大手术
MDCG,消化系统疾病及功能障碍,GB2,小肠、大肠（含直肠）的大手术
MDCG,消化系统疾病及功能障碍,GC1,食管、胃、十二指肠其他手术
MDCG,消化系统疾病及功能障碍,GC2,小肠、大肠（含直肠）的其他手术
MDCG,消化系统疾病及功能障碍,GD1,伴穿孔、化脓、坏疽等阑尾切除术
MDCG,消化系统疾病及功能障碍,GD2,阑尾切除术
MDCG,消化系统疾病及功能障碍,GE1,腹股沟及腹疝手术
MDCG,消化系统疾病及功能障碍,GE2,疝其他手术
MDCG,消化系统疾病及功能障碍,GF1,肛管、肛门及肛周手术
MDCG,消化系统疾病及功能障碍,GF2,直肠其他手术
MDCG,消化系统疾病及功能障碍,GG1,腹腔/盆腔内粘连松解术
MDCG,消化系统疾病及功能障碍,GJ1,消化系统其他手术
MDCG,消化系统疾病及功能障碍,GK1,消化系统其他内镜治疗操作
MDCG,消化系统疾病及功能障碍,GK2,胃镜治疗操作
MDCG,消化系统疾病及功能障碍,GK3,结肠镜治疗操作
MDCG,消化系统疾病及功能障碍,GR1,消化系统恶性肿瘤
MDCG,消化系统疾病及功能障碍,GS1,胃肠出血
MDCG,消化系统疾病及功能障碍,GT1,炎症性肠病
MDCG,消化系统疾病及功能障碍,GU1,伴出血或穿孔的消化溃疡
MDCG,消化系统疾病及功能障碍,GU2,其他消化溃疡
MDCG,消化系统疾病及功能障碍,GV1,消化道梗阻或腹痛
MDCG,消化系统疾病及功能障碍,GW1,食管炎、胃肠炎
MDCG,消化系统疾病及功能障碍,GZ1,其他消化系统诊断
MDCH,肝、胆、胰疾病及功能障碍,HB1,胰、肝切除和/或分流手术
MDCH,肝、胆、胰疾病及功能障碍,HC1,胆囊切除术伴胆总管手术
MDCH,肝、胆、胰疾病及功能障碍,HC2,胆总管手术
MDCH,肝、胆、胰疾病及功能障碍,HC3,胆囊切除手术
MDCH,肝、胆、胰疾病及功能障碍,HC4,除胆囊切除术以外的胆道手术
MDCH,肝、胆、胰疾病及功能障碍,HJ1,与肝、胆或胰腺疾患有关的其他手术
MDCH,肝、胆、胰疾病及功能障碍,HK1,食管曲张静脉出血的治疗性内镜操作
MDCH,肝、胆、胰疾病及功能障碍,HL1,肝胆胰系统的诊断性操作
MDCH,肝、胆、胰疾病及功能障碍,HL2,肝胆胰系统的治疗性操作
MDCH,肝、胆、胰疾病及功能障碍,HR1,肝胆胰系统恶性肿瘤
MDCH,肝、胆、胰疾病及功能障碍,HS1,肝功能衰竭
MDCH,肝、胆、胰疾病及功能障碍,HS2,肝硬化
MDCH,肝、胆、胰疾病及功能障碍,HS3,病毒性肝炎
MDCH,肝、胆、胰疾病及功能障碍,HT1,急性胰腺炎
MDCH,肝、胆、胰疾病及功能障碍,HU1,急性胆道疾患
MDCH,肝、胆、胰疾病及功能障碍,HZ1,其他肝脏疾患
MDCH,肝、胆、胰疾病及功能障碍,HZ2,胆道其他疾患
MDCH,肝、胆、胰疾病及功能障碍,HZ3,胰腺其他疾患
MDCI,肌肉、骨骼疾病及功能障碍,IB1,前后路联合脊柱融合术
MDCI,肌肉、骨骼疾病及功能障碍,IB2,脊柱融合手术
MDCI,肌肉、骨骼疾病及功能障碍,IB3,与脊柱有关的其他手术
MDCI,肌肉、骨骼疾病及功能障碍,IC1,髋、肩、膝、肘和踝关节假体翻修/修正手术
MDCI,肌肉、骨骼疾病及功能障碍,IC2,髋、肩、膝、肘和踝关节置换术
MDCI,肌肉、骨骼疾病及功能障碍,IC3,除置换/翻修外的髋、肩、膝、肘、踝的关节手术
MDCI,肌肉、骨骼疾病及功能障碍,ID1,小关节手术
MDCI,肌肉、骨骼疾病及功能障碍,IE1,骨盆髋臼手术
MDCI,肌肉、骨骼疾病及功能障碍,IF1,上肢骨手术
MDCI,肌肉、骨骼疾病及功能障碍,IF2,手外科手术
MDCI,肌肉、骨骼疾病及功能障碍,IF3,股骨手术
MDCI,肌肉、骨骼疾病及功能障碍,IF4,除股骨以外的下肢骨手术
MDCI,肌肉、骨骼疾病及功能障碍,IF5,骨科固定装置去除/修正术
MDCI,肌肉、骨骼疾病及功能障碍,IG1,肌肉、肌腱手术
MDCI,肌肉、骨骼疾病及功能障碍,IH1,周围神经手术
MDCI,肌肉、骨骼疾病及功能障碍,IJ1,骨骼肌肉系统的其他手术
MDCI,肌肉、骨骼疾病及功能障碍,IR1,骨盆骨折
MDCI,肌肉、骨骼疾病及功能障碍,IR2,股骨颈骨折
MDCI,肌肉、骨骼疾病及功能障碍,IR3,股骨干及远端骨折
MDCI,肌肉、骨骼疾病及功能障碍,IS1,前臂、腕、手或足损伤
MDCI,肌肉、骨骼疾病及功能障碍,IS2,除前臂、腕、手足外的损伤
MDCI,肌肉、骨骼疾病及功能障碍,IT1,骨髓炎
MDCI,肌肉、骨骼疾病及功能障碍,IT2,慢性炎症性肌肉骨骼结缔组织疾患
MDCI,肌肉、骨骼疾病及功能障碍,IT3,感染性关节炎
MDCI,肌肉、骨骼疾病及功能障碍,IU1,骨病及其他关节病
MDCI,肌肉、骨骼疾病及功能障碍,IU2,颈腰背疾患
MDCI,肌肉、骨骼疾病及功能障碍,IU3,骨骼、肌肉、结缔组织恶性病损、病理性骨折
MDCI,肌肉、骨骼疾病及功能障碍,IV1,除脊柱外先天性骨骼肌肉系统疾患
MDCI,肌肉、骨骼疾病及功能障碍,IZ1,肌肉骨骼系统植入物/假体的康复照护
MDCI,肌肉、骨骼疾病及功能障碍,IZ2,骨骼、肌肉、肌腱、结缔组织的其他疾患
MDCJ,皮肤、皮下组织及乳腺疾病及功能障碍,JA1,乳房恶性肿瘤根治性切除伴乳房重建术
MDCJ,皮肤、皮下组织及乳腺疾病及功能障碍,JA2,乳房恶性肿瘤根治性切除术
MDCJ,皮肤、皮下组织及乳腺疾病及功能障碍,JB1,乳房成型手术
MDCJ,皮肤、皮下组织及乳腺疾病及功能障碍,JB2,乳腺切除手术
MDCJ,皮肤、皮下组织及乳腺疾病及功能障碍,JB3,其他乳房手术
MDCJ,皮肤、皮下组织及乳腺疾病及功能障碍,JC1,颜面及其他皮肤、皮下组织成型术
MDCJ,皮肤、皮下组织及乳腺疾病及功能障碍,JD1,皮肤移植手术
MDCJ,皮肤、皮下组织及乳腺疾病及功能障碍,JD2,皮肤清创手术
MDCJ,皮肤、皮下组织及乳腺疾病及功能障碍,JJ1,皮肤、皮下组织的其他手术
MDCJ,皮肤、皮下组织及乳腺疾病及功能障碍,JR1,乳房恶性肿瘤
MDCJ,皮肤、皮下组织及乳腺疾病及功能障碍,JR2,皮肤、皮下组织的恶性肿瘤
MDCJ,皮肤、皮下组织及乳腺疾病及功能障碍,JS1,重大皮肤疾患
MDCJ,皮肤、皮下组织及乳腺疾病及功能障碍,JS2,炎症性皮肤病
MDCJ,皮肤、皮下组织及乳腺疾病及功能障碍,JT1,乳房、皮肤、皮下组织创伤
MDCJ,皮肤、皮下组织及乳腺疾病及功能障碍,JU1,感染性皮肤病
MDCJ,皮肤、皮下组织及乳腺疾病及功能障碍,JV1,皮肤、皮下组织的非恶性增生性病变
MDCJ,皮肤、皮下组织及乳腺疾病及功能障碍,JV2,乳房良性病变
MDCJ,皮肤、皮下组织及乳腺疾病及功能障碍,JZ1,其他皮肤及乳腺疾患
MDCK,内分泌、营养、代谢疾病及功能障碍,KB1,肾上腺手术
MDCK,内分泌、营养、代谢疾病及功能障碍,KC1,垂体手术
MDCK,内分泌、营养、代谢疾病及功能障碍,KD1,甲状腺大手术
MDCK,内分泌、营养、代谢疾病及功能障碍,KD2,甲状旁腺、甲状舌管及甲状腺其他手术
MDCK,内分泌、营养、代谢疾病及功能障碍,KE1,肥胖的手术室操作
MDCK,内分泌、营养、代谢疾病及功能障碍,KF1,因内分泌、营养、代谢疾患的植皮和/或清创术
MDCK,内分泌、营养、代谢疾病及功能障碍,KJ1,因内分泌、营养、代谢疾患的其他手术
MDCK,内分泌、营养、代谢疾病及功能障碍,KR1,内分泌腺体恶性肿瘤
MDCK,内分泌、营养、代谢疾病及功能障碍,KS1,糖尿病
MDCK,内分泌、营养、代谢疾病及功能障碍,KT1,内分泌疾患
MDCK,内分泌、营养、代谢疾病及功能障碍,KU1,营养失调
MDCK,内分泌、营养、代谢疾病及功能障碍,KV1,先天性代谢异常
MDCK,内分泌、营养、代谢疾病及功能障碍,KZ1,其他代谢疾患
MDCL,肾脏及泌尿系统疾病及功能障碍,LA1,肾、输尿管及膀胱恶性肿瘤的手术
MDCL,肾脏及泌尿系统疾病及功能障碍,LB1,除恶性肿瘤手术外的肾、输尿管、膀胱手术
MDCL,肾脏及泌尿系统疾病及功能障碍,LC1,肾、输尿管、膀胱其他手术
MDCL,肾脏及泌尿系统疾病及功能障碍,LD1,经尿道输尿管、膀胱手术
MDCL,肾脏及泌尿系统疾病及功能障碍,LE1,尿道手术
MDCL,肾脏及泌尿系统疾病及功能障碍,LF1,建立、设置、移除肾辅助装置
MDCL,肾脏及泌尿系统疾病及功能障碍,LJ1,泌尿系统其他手术
MDCL,肾脏及泌尿系统疾病及功能障碍,LK1,泌尿道结石碎石
MDCL,肾脏及泌尿系统疾病及功能障碍,LL1,肾透析
MDCL,肾脏及泌尿系统疾病及功能障碍,LR1,肾功能不全
MDCL,肾脏及泌尿系统疾病及功能障碍,LS1,肾炎及肾病
MDCL,肾脏及泌尿系统疾病及功能障碍,LT1,肾及尿路肿瘤
MDCL,肾脏及泌尿系统疾病及功能障碍,LU1,肾及尿路感染
MDCL,肾脏及泌尿系统疾病及功能障碍,LV1,高血压/糖尿病性肾病
MDCL,肾脏及泌尿系统疾病及功能障碍,LW1,肾、尿路体征及症状
MDCL,肾脏及泌尿系统疾病及功能障碍,LX1,尿路结石、阻塞及尿道狭窄
MDCL,肾脏及泌尿系统疾病及功能障碍,LY1,肾及尿路损伤
MDCL,肾脏及泌尿系统疾病及功能障碍,LZ1,肾及泌尿系统其他疾患
MDCM,男性生殖系统疾病及功能障碍??,MA1,男性生殖器官恶性肿瘤手术
MDCM,男性生殖系统疾病及功能障碍??,MB1,前列腺手术
MDCM,男性生殖系统疾病及功能障碍??,MC1,阴茎手术
MDCM,男性生殖系统疾病及功能障碍??,MD1,睾丸手术
MDCM,男性生殖系统疾病及功能障碍??,MJ1,其他男性生殖系统手术
MDCM,男性生殖系统疾病及功能障碍??,MR1,男性生殖系统恶性肿瘤
MDCM,男性生殖系统疾病及功能障碍??,MS1,男性生殖系统炎症
MDCM,男性生殖系统疾病及功能障碍??,MZ1,其他男性生殖系统疾患
MDCN,女性生殖系统疾病及功能障碍,NA1,女性生殖器官恶性肿瘤的广泛切除手术
MDCN,女性生殖系统疾病及功能障碍,NA2,女性生殖器官恶性肿瘤除广泛切除术以外的手术
MDCN,女性生殖系统疾病及功能障碍,NB1,女性生殖系统重建手术
MDCN,女性生殖系统疾病及功能障碍,NC1,子宫（除内膜以外）手术
MDCN,女性生殖系统疾病及功能障碍,ND1,附件手术
MDCN,女性生殖系统疾病及功能障碍,NE1,子宫内膜手术
MDCN,女性生殖系统疾病及功能障碍,NF1,外阴、阴道、宫颈手术
MDCN,女性生殖系统疾病及功能障碍,NG1,辅助生殖技术
MDCN,女性生殖系统疾病及功能障碍,NJ1,女性生殖系统其他手术
MDCN,女性生殖系统疾病及功能障碍,NR1,女性生殖系统恶性肿瘤
MDCN,女性生殖系统疾病及功能障碍,NS1,女性生殖系感染
MDCN,女性生殖系统疾病及功能障碍,NZ1,女性生殖系统其他疾患
MDCO,妊娠、分娩及产褥期,OB1,剖宫产术
MDCO,妊娠、分娩及产褥期,OC1,阴道分娩伴手术操作
MDCO,妊娠、分娩及产褥期,OD1,与妊娠相关的子宫及附件手术
MDCO,妊娠、分娩及产褥期,OD2,与妊娠相关的的外阴、阴道及宫颈手术
MDCO,妊娠、分娩及产褥期,OE1,异位妊娠手术
MDCO,妊娠、分娩及产褥期,OF1,中期引产手术操作
MDCO,妊娠、分娩及产褥期,OF2,早期流产手术操作
MDCO,妊娠、分娩及产褥期,OJ1,与妊娠、分娩有关的其他手术操作
MDCO,妊娠、分娩及产褥期,OR1,阴道分娩
MDCO,妊娠、分娩及产褥期,OS1,产褥期相关疾患
MDCO,妊娠、分娩及产褥期,OS2,流产相关疾患
MDCO,妊娠、分娩及产褥期,OT1,异位妊娠
MDCO,妊娠、分娩及产褥期,OZ1,与妊娠有关的其他疾患
MDCP,新生儿及其他围产期新生儿疾病,PB1,新生儿（出生年龄＜29 天）心血管手术
MDCP,新生儿及其他围产期新生儿疾病,PC1,新生儿（出生年龄＜29 天）腹部手术
MDCP,新生儿及其他围产期新生儿疾病,PJ1,新生儿（出生年龄＜29 天）的其他手术
MDCP,新生儿及其他围产期新生儿疾病,PK1,新生儿伴呼吸机支持
MDCP,新生儿及其他围产期新生儿疾病,PR1,新生儿呼吸窘迫综合征
MDCP,新生儿及其他围产期新生儿疾病,PS1,极度发育不全（出生体重＜1500g）
MDCP,新生儿及其他围产期新生儿疾病,PT1,早产儿（出生体重 1500-2499g）
MDCP,新生儿及其他围产期新生儿疾病,PT2,早产儿（出生体重>2499g）
MDCP,新生儿及其他围产期新生儿疾病,PU1,足月儿
MDCP,新生儿及其他围产期新生儿疾病,PV1,源于新生儿(29 天≤出生年龄＜1 周岁)诊断的婴儿疾患
MDCQ,血液、造血器官及免疫疾病和功能障碍,QB1,脾切除术
MDCQ,血液、造血器官及免疫疾病和功能障碍,QC1,胸腺手术
MDCQ,血液、造血器官及免疫疾病和功能障碍,QD1,血液、造血器官及免疫系统其他手术
MDCQ,血液、造血器官及免疫疾病和功能障碍,QJ1,非特指部位、组织、器官的良性肿瘤手术
MDCQ,血液、造血器官及免疫疾病和功能障碍,QR1,网状内皮及免疫性疾患
MDCQ,血液、造血器官及免疫疾病和功能障碍,QS1,红细胞病及营养性贫血
MDCQ,血液、造血器官及免疫疾病和功能障碍,QS2,溶血性贫血
MDCQ,血液、造血器官及免疫疾病和功能障碍,QS3,再生障碍性贫血
MDCQ,血液、造血器官及免疫疾病和功能障碍,QS4,其他贫血
MDCQ,血液、造血器官及免疫疾病和功能障碍,QT1,凝血功能障碍
MDCR,骨髓增生疾病和功能障碍，低分化肿瘤,RA1,淋巴瘤、白血病等伴重大手术
MDCR,骨髓增生疾病和功能障碍，低分化肿瘤,RA2,淋巴瘤、白血病等伴其他手术
MDCR,骨髓增生疾病和功能障碍，低分化肿瘤,RA3,骨髓增生性疾患或低分化肿瘤等伴重大手术
MDCR,骨髓增生疾病和功能障碍，低分化肿瘤,RA4,骨髓增生性疾患或低分化肿瘤等伴其他手术
MDCR,骨髓增生疾病和功能障碍，低分化肿瘤,RB1,急性白血病化学治疗和/或其他治疗
MDCR,骨髓增生疾病和功能障碍，低分化肿瘤,RC1,恶性增生性疾患放射治疗
MDCR,骨髓增生疾病和功能障碍，低分化肿瘤,RD1,恶性增生性疾患的介入和/或射频治疗
MDCR,骨髓增生疾病和功能障碍，低分化肿瘤,RE1,恶性增生性疾患的化学和/或靶向、生物治疗
MDCR,骨髓增生疾病和功能障碍，低分化肿瘤,RF1,恶性增生性疾患终末期治疗
MDCR,骨髓增生疾病和功能障碍，低分化肿瘤,RR1,急性白血病
MDCR,骨髓增生疾病和功能障碍，低分化肿瘤,RS1,淋巴瘤及其他类型白血病
MDCR,骨髓增生疾病和功能障碍，低分化肿瘤,RS2,骨髓瘤
MDCR,骨髓增生疾病和功能障碍，低分化肿瘤,RT1,非特指恶性肿瘤
MDCR,骨髓增生疾病和功能障碍，低分化肿瘤,RT2,非特指良性肿瘤
MDCR,骨髓增生疾病和功能障碍，低分化肿瘤,RU1,与化学和/或靶向、生物治疗有关的恶性增生性疾患
MDCR,骨髓增生疾病和功能障碍，低分化肿瘤,RU2,恶性增生性疾患的免疫治疗
MDCR,骨髓增生疾病和功能障碍，低分化肿瘤,RV1,与放射治疗有关的恶性增生性疾患
MDCR,骨髓增生疾病和功能障碍，低分化肿瘤,RW1,恶性增生性疾患治疗后的随诊检查
MDCR,骨髓增生疾病和功能障碍，低分化肿瘤,RW2,恶性增生性疾患维持性治疗
MDCS,感染及寄生虫病??(全身性或不明确部位的),SB1,全身性感染的手术
MDCS,感染及寄生虫病??(全身性或不明确部位的),SR1,败血症
MDCS,感染及寄生虫病??(全身性或不明确部位的),SS1,手术后及创伤后感染
MDCS,感染及寄生虫病??(全身性或不明确部位的),ST1,原因不明的发热
MDCS,感染及寄生虫病??(全身性或不明确部位的),SU1,病毒性疾患
MDCS,感染及寄生虫病??(全身性或不明确部位的),SV1,细菌性疾患
MDCS,感染及寄生虫病??(全身性或不明确部位的),SZ1,其他感染性或寄生虫性疾患
MDCT,精神疾病及功能障碍,TB1,精神病患者的手术
MDCT,精神疾病及功能障碍,TR1,精神分裂症
MDCT,精神疾病及功能障碍,TR2,偏执及急性精神病
MDCT,精神疾病及功能障碍,TS1,重大的情感障碍
MDCT,精神疾病及功能障碍,TS2,神经症性障碍及其他情感性障碍
MDCT,精神疾病及功能障碍,TT1,进食及睡眠障碍
MDCT,精神疾病及功能障碍,TT2,人格障碍
MDCT,精神疾病及功能障碍,TU1,儿童期精神发育障碍
MDCT,精神疾病及功能障碍,TV1,焦虑性障碍
MDCT,精神疾病及功能障碍,TW1,器质性及症状性精神障碍
MDCU,酒精/药物使用及其引起的器质性精神功能障碍,UR1,酒精中毒及戒除
MDCU,酒精/药物使用及其引起的器质性精神功能障碍,US1,兴奋剂滥用与依赖
MDCV,创伤、中毒及药物毒性反应,VB1,损伤的皮肤移植
MDCV,创伤、中毒及药物毒性反应,VC1,与损伤有关的清创术
MDCV,创伤、中毒及药物毒性反应,VJ1,其他损伤的手术
MDCV,创伤、中毒及药物毒性反应,VR1,损伤
MDCV,创伤、中毒及药物毒性反应,VS1,过敏反应
MDCV,创伤、中毒及药物毒性反应,VS2,药物中毒或毒性反应
MDCV,创伤、中毒及药物毒性反应,VT1,医疗后遗症
MDCV,创伤、中毒及药物毒性反应,VZ1,其他损伤、中毒及毒性反应疾患
MDCW,烧伤,WB1,大于体表 30%或多处三度烧伤伴植皮
MDCW,烧伤,WC1,其他烧伤伴植皮
MDCW,烧伤,WJ1,烧伤伴除植皮之外的任何手术室手术
MDCW,烧伤,WR1,大于体表 30%或多处三度烧伤、腐蚀伤及冻伤等灼伤
MDCW,烧伤,WZ1,其他烧伤、腐蚀伤及冻伤等灼伤
MDCX,影响健康因素及其他就医情况,XJ1,其他接触健康服务的诊断伴手术室操作
MDCX,影响健康因素及其他就医情况,XR1,康复
MDCX,影响健康因素及其他就医情况,XR2,其他康复治疗
MDCX,影响健康因素及其他就医情况,XS1,体征及症状
MDCX,影响健康因素及其他就医情况,XS2,随访（不含恶性肿瘤诊断)
MDCX,影响健康因素及其他就医情况,XT1,其他后期照护
MDCX,影响健康因素及其他就医情况,XT2,非特指的先天畸形
MDCX,影响健康因素及其他就医情况,XT3,其他影响健康状态的因素
MDCY,?HIV?感染疾病及相关操作,YC1,HIV 相关疾患的手术室手术
MDCY,?HIV?感染疾病及相关操作,YR1,HIV 相关疾患
MDCY,?HIV?感染疾病及相关操作,YR2,HIV 其他相关情况
,,ZB1,多发性严重创伤开颅术
,,ZC1,多发性严重创伤的脊柱、髋、股或肢体手术
,,ZD1,多发性重要创伤的腹腔手术
,,ZJ1,与多发重要创伤诊断有关的其他手术室操作
,,ZZ1,多发性重要创伤无手术
,,,
,,,
,,,
,,,
,,,
,,,
,,,
,,,
