msId,msPid,msCode,msName,containsContent,excludedContent,chargeUnit,explain,useProvince,isusing,remark,level,children,levelPath,scnt,beijing,tianjin,hebei,neimenggu,jilin,heilongjiang,shanghai,zhejiang,anhui,fujian,jiangxi,hunan,guangdong,guangxi,hainan,chongqing,guizhou,yunnan,gansu,qinghai,ningxia,pmsName,pmsCode,pareaCode,nmsCode,pareaName,area,pcontains_content,pexcluded_content,pcharge_unit,pexplain,pmsId
0,,0,医疗服务项目,,,,,0,1,,,,0,0,,,,,,,,,,,,,,,,,,,,,,,,,,,,,,,,
a688757a-7a09-11e9-910a-8cec4bd010f3,0,1,一、综合医疗服务类,,,,"1、本类包括一般医疗服务、一般检查治疗、社区卫生及预防保健项目和其他医疗服务项目，总分类码为1，二级分类码为11-14，共计四类157项。
2、本类根据“项目内涵”和“说明”共拆分分解项59项（标注☆号），加收项8项（标注△符号），集中讨论拟增补39项（标注○符号）。",0,1,,0.0,,0.1,0,,,,,,,,,,,,,,,,,,,,,,,,,,,,,,,,
a6888c8b-7a09-11e9-910a-8cec4bd010f3,a688757a-7a09-11e9-910a-8cec4bd010f3,11,(一)一般医疗服务,,,,,0,1,,1.0,,0.1.11,0,,,,,,,,,,,,,,,,,,,,,,,,,,,,,,,,
a688a2c5-7a09-11e9-910a-8cec4bd010f3,a6888c8b-7a09-11e9-910a-8cec4bd010f3,1101,1．挂号费,,,,,0,1,,2.0,,0.1.11.1101,0,,,,,,,,,,,,,,,,,,,,,,,,,,,,,,,,
a688b833-7a09-11e9-910a-8cec4bd010f3,a6888c8b-7a09-11e9-910a-8cec4bd010f3,1102,2．诊查费,包括营养状况评估、儿童营养评估、营养咨询,,,,0,1,,2.0,,0.1.11.1102,0,,,,,,,,,,,,,,,,,,,,,,,,,,,,,,,,
a688cd9d-7a09-11e9-910a-8cec4bd010f3,a6888c8b-7a09-11e9-910a-8cec4bd010f3,1103,3．急诊监护费,,,,,0,1,,2.0,,0.1.11.1103,0,,,,,,,,,,,,,,,,,,,,,,,,,,,,,,,,
a688e314-7a09-11e9-910a-8cec4bd010f3,a6888c8b-7a09-11e9-910a-8cec4bd010f3,1104,4．院前急救费,,,,,0,1,,2.0,,0.1.11.1104,0,,,,,,,,,,,,,,,,,,,,,,,,,,,,,,,,
a688f87a-7a09-11e9-910a-8cec4bd010f3,a6888c8b-7a09-11e9-910a-8cec4bd010f3,1105,5．体检费,,,,,0,1,,2.0,,0.1.11.1105,0,,,,,,,,,,,,,,,,,,,,,,,,,,,,,,,,
a6890df5-7a09-11e9-910a-8cec4bd010f3,a6888c8b-7a09-11e9-910a-8cec4bd010f3,1106,6．救护车费,,,,,0,1,,2.0,,0.1.11.1106,0,,,,,,,,,,,,,,,,,,,,,,,,,,,,,,,,
a689234a-7a09-11e9-910a-8cec4bd010f3,a6888c8b-7a09-11e9-910a-8cec4bd010f3,1107,7．取暖费,,,,,0,1,,2.0,,0.1.11.1107,0,,,,,,,,,,,,,,,,,,,,,,,,,,,,,,,,
a68938b7-7a09-11e9-910a-8cec4bd010f3,a6888c8b-7a09-11e9-910a-8cec4bd010f3,1108,8．空调降温费,,,,,0,1,,2.0,,0.1.11.1108,0,,,,,,,,,,,,,,,,,,,,,,,,,,,,,,,,
a6894e13-7a09-11e9-910a-8cec4bd010f3,a6888c8b-7a09-11e9-910a-8cec4bd010f3,1109,9．床位费,,,,,0,1,,2.0,,0.1.11.1109,0,,,,,,,,,,,,,,,,,,,,,,,,,,,,,,,,
a6896381-7a09-11e9-910a-8cec4bd010f3,a6888c8b-7a09-11e9-910a-8cec4bd010f3,1110,10．会诊费,包括营养会诊,,,,0,1,,2.0,,0.1.11.1110,0,,,,,,,,,,,,,,,,,,,,,,,,,,,,,,,,
a68978d3-7a09-11e9-910a-8cec4bd010f3,a688757a-7a09-11e9-910a-8cec4bd010f3,12,(二)一般检查治疗,,,,,0,1,,1.0,,0.1.12,0,,,,,,,,,,,,,,,,,,,,,,,,,,,,,,,,
a6898e47-7a09-11e9-910a-8cec4bd010f3,a68978d3-7a09-11e9-910a-8cec4bd010f3,1201,1．护理费,含压疮护理、放疗后皮肤护理；包括波动式气垫床预防褥疮,,,使用防褥疮气垫加收,0,1,,2.0,,0.1.12.1201,0,,,,,,,,,,,,,,,,,,,,,,,,,,,,,,,,
a689a3ae-7a09-11e9-910a-8cec4bd010f3,a68978d3-7a09-11e9-910a-8cec4bd010f3,1202,2．抢救费,,药物及特殊消耗材料；特殊仪器,,会诊费另计,0,1,,2.0,,0.1.12.1202,0,,,,,,,,,,,,,,,,,,,,,,,,,,,,,,,,
a689b925-7a09-11e9-910a-8cec4bd010f3,a68978d3-7a09-11e9-910a-8cec4bd010f3,1203,3．氧气吸入,,,,,0,1,,2.0,,0.1.12.1203,0,,,,,,,,,,,,,,,,,,,,,,,,,,,,,,,,
a689cea3-7a09-11e9-910a-8cec4bd010f3,a68978d3-7a09-11e9-910a-8cec4bd010f3,1204,4．注射,含用药指导与观察、药物的配置,一次性输液器、过滤器、采血器、注射器等特殊性消耗材料；药物、血液和血制品,,,0,1,,2.0,,0.1.12.1204,0,,,,,,,,,,,,,,,,,,,,,,,,,,,,,,,,
a689e40a-7a09-11e9-910a-8cec4bd010f3,a68978d3-7a09-11e9-910a-8cec4bd010f3,1205,5．清创缝合,包括术后创口二期缝合术,,,依据伤口损伤程度、长度、深度、修补难易程度分大、中、小,0,1,,2.0,,0.1.12.1205,0,,,,,,,,,,,,,,,,,,,,,,,,,,,,,,,,
a689fa0d-7a09-11e9-910a-8cec4bd010f3,a68978d3-7a09-11e9-910a-8cec4bd010f3,1206,6．换药,包括外擦药物治疗,,次,,0,1,,2.0,,0.1.12.1206,0,,,,,,,,,,,,,,,,,,,,,,,,,,,,,,,,
a68a0f70-7a09-11e9-910a-8cec4bd010f3,a68978d3-7a09-11e9-910a-8cec4bd010f3,1207,7．雾化吸入,,,,,0,1,,2.0,,0.1.12.1207,0,,,,,,,,,,,,,,,,,,,,,,,,,,,,,,,,
a68a24e0-7a09-11e9-910a-8cec4bd010f3,a68978d3-7a09-11e9-910a-8cec4bd010f3,1208,8．鼻饲管置管,,,,,0,1,,2.0,,0.1.12.1208,0,,,,,,,,,,,,,,,,,,,,,,,,,,,,,,,,
a68a3a40-7a09-11e9-910a-8cec4bd010f3,a68978d3-7a09-11e9-910a-8cec4bd010f3,1209,9．胃肠减压,,,,,0,1,,2.0,,0.1.12.1209,0,,,,,,,,,,,,,,,,,,,,,,,,,,,,,,,,
a68a4faa-7a09-11e9-910a-8cec4bd010f3,a68978d3-7a09-11e9-910a-8cec4bd010f3,1210,10．洗胃,,,,,0,1,,2.0,,0.1.12.1210,0,,,,,,,,,,,,,,,,,,,,,,,,,,,,,,,,
a68a6510-7a09-11e9-910a-8cec4bd010f3,a68978d3-7a09-11e9-910a-8cec4bd010f3,1211,11．物理降温, ,,,,0,1,,2.0,,0.1.12.1211,0,,,,,,,,,,,,,,,,,,,,,,,,,,,,,,,,
a68a7a84-7a09-11e9-910a-8cec4bd010f3,a68978d3-7a09-11e9-910a-8cec4bd010f3,1212,12．坐浴,,,,,0,1,,2.0,,0.1.12.1212,0,,,,,,,,,,,,,,,,,,,,,,,,,,,,,,,,
a68a8fe7-7a09-11e9-910a-8cec4bd010f3,a68978d3-7a09-11e9-910a-8cec4bd010f3,1213,13．冷热湿敷,,,,,0,1,,2.0,,0.1.12.1213,0,,,,,,,,,,,,,,,,,,,,,,,,,,,,,,,,
a68aa555-7a09-11e9-910a-8cec4bd010f3,a68978d3-7a09-11e9-910a-8cec4bd010f3,1214,14．引流管冲洗,,,,,0,1,,2.0,,0.1.12.1214,0,,,,,,,,,,,,,,,,,,,,,,,,,,,,,,,,
a68abacc-7a09-11e9-910a-8cec4bd010f3,a68978d3-7a09-11e9-910a-8cec4bd010f3,1215,15．灌肠,,,,,0,1,,2.0,,0.1.12.1215,0,,,,,,,,,,,,,,,,,,,,,,,,,,,,,,,,
a68ad022-7a09-11e9-910a-8cec4bd010f3,a68978d3-7a09-11e9-910a-8cec4bd010f3,1216,16．导尿,,,,,0,1,,2.0,,0.1.12.1216,0,,,,,,,,,,,,,,,,,,,,,,,,,,,,,,,,
a68ae58e-7a09-11e9-910a-8cec4bd010f3,a68978d3-7a09-11e9-910a-8cec4bd010f3,1217,17．肛管排气,,,,,0,1,,2.0,,0.1.12.1217,0,,,,,,,,,,,,,,,,,,,,,,,,,,,,,,,,
a68afae7-7a09-11e9-910a-8cec4bd010f3,a688757a-7a09-11e9-910a-8cec4bd010f3,13,(三)社区卫生服务及预防保健项目,,药物、化验、检查, ,,0,1,,1.0,,0.1.13,0,,,,,,,,,,,,,,,,,,,,,,,,,,,,,,,,
a68b1054-7a09-11e9-910a-8cec4bd010f3,a68afae7-7a09-11e9-910a-8cec4bd010f3,1301,1．婴幼儿健康体检,,,,,0,1,,2.0,,0.1.13.1301,0,,,,,,,,,,,,,,,,,,,,,,,,,,,,,,,,
a68b25b7-7a09-11e9-910a-8cec4bd010f3,a68afae7-7a09-11e9-910a-8cec4bd010f3,1302,2．儿童龋齿预防保健,,,,,0,1,,2.0,,0.1.13.1302,0,,,,,,,,,,,,,,,,,,,,,,,,,,,,,,,,
a68b3b2b-7a09-11e9-910a-8cec4bd010f3,a68afae7-7a09-11e9-910a-8cec4bd010f3,1303,3．家庭巡诊,,,,,0,1,,2.0,,0.1.13.1303,0,,,,,,,,,,,,,,,,,,,,,,,,,,,,,,,,
a68b5088-7a09-11e9-910a-8cec4bd010f3,a68afae7-7a09-11e9-910a-8cec4bd010f3,1304,4．围产保健访视,,,,,0,1,,2.0,,0.1.13.1304,0,,,,,,,,,,,,,,,,,,,,,,,,,,,,,,,,
a68b65eb-7a09-11e9-910a-8cec4bd010f3,a68afae7-7a09-11e9-910a-8cec4bd010f3,1305,5．传染病访视,,,,,0,1,,2.0,,0.1.13.1305,0,,,,,,,,,,,,,,,,,,,,,,,,,,,,,,,,
a68b7b5f-7a09-11e9-910a-8cec4bd010f3,a68afae7-7a09-11e9-910a-8cec4bd010f3,1306,6．家庭病床,,,,,0,1,,2.0,,0.1.13.1306,0,,,,,,,,,,,,,,,,,,,,,,,,,,,,,,,,
a68b90bb-7a09-11e9-910a-8cec4bd010f3,a68afae7-7a09-11e9-910a-8cec4bd010f3,1307,7．出诊费,,,,,0,1,,2.0,,0.1.13.1307,0,,,,,,,,,,,,,,,,,,,,,,,,,,,,,,,,
a68ba624-7a09-11e9-910a-8cec4bd010f3,a68afae7-7a09-11e9-910a-8cec4bd010f3,1308,8．建立健康档案,,,,,0,1,,2.0,,0.1.13.1308,0,,,,,,,,,,,,,,,,,,,,,,,,,,,,,,,,
a68bbb7d-7a09-11e9-910a-8cec4bd010f3,a68afae7-7a09-11e9-910a-8cec4bd010f3,1309,9．疾病健康教育,,,,,0,1,,2.0,,0.1.13.1309,0,,,,,,,,,,,,,,,,,,,,,,,,,,,,,,,,
a68bd0e1-7a09-11e9-910a-8cec4bd010f3,a688757a-7a09-11e9-910a-8cec4bd010f3,14,(四)其他医疗服务项目,,,,,0,1,,1.0,,0.1.14,0,,,,,,,,,,,,,,,,,,,,,,,,,,,,,,,,
a68be636-7a09-11e9-910a-8cec4bd010f3,a68bd0e1-7a09-11e9-910a-8cec4bd010f3,1401,1．尸体料理,,,,,0,1,,2.0,,0.1.14.1401,0,,,,,,,,,,,,,,,,,,,,,,,,,,,,,,,,
a68bfb8b-7a09-11e9-910a-8cec4bd010f3,0,2,二、医技诊疗类,,,,"1、医技诊疗类包括医学影像、超声检查、核医学、放射治疗、检验、血型与配血、病理检查等7个二级分类，总分类码为2，二级分类码为21-27。本类项目数共计1977项。
2、使用放射免疫学方法的各种检验项目不统一列在核医学类下，请在检验类查找。
3、“核医学内照射治疗类”分类码（2306）项目均为开放性核素治疗。封闭性核素治疗项目列入“放射治疗”类之“后装治疗”类中（分类码2404）
4、肿瘤的非放射性物理治疗项目（如射频热疗、高强度超声聚焦治疗等）列入“放射治疗”类中（分类码2407）
5、肿瘤细胞的化疗药物敏感实验项目列于“临床微生物学检查”类之“药物敏感实验”类中（分类码250502）。
6、组织器官移植所需的各项检验（HLA检查等）列入“血型与配血”类中，项目编码为260000023-260000026。
7、本类根据“项目内涵”和“说明”共拆分分解项（标注☆）785项，加收项（标注△）95项。",0,1,,0.0,,0.2,0,,,,,,,,,,,,,,,,,,,,,,,,,,,,,,,,
a68c10e7-7a09-11e9-910a-8cec4bd010f3,a68bfb8b-7a09-11e9-910a-8cec4bd010f3,21,(一)医学影像,,,,,0,1,,1.0,,0.2.21,0,,,,,,,,,,,,,,,,,,,,,,,,,,,,,,,,
a68c26ff-7a09-11e9-910a-8cec4bd010f3,a68c10e7-7a09-11e9-910a-8cec4bd010f3,2101,1．X线检查,,,,,0,1,,2.0,,0.2.21.2101,0,,,,,,,,,,,,,,,,,,,,,,,,,,,,,,,,
a68c3a55-7a09-11e9-910a-8cec4bd010f3,a68c26ff-7a09-11e9-910a-8cec4bd010f3,210101,X线透视检查,,,,使用影像增强器或电视屏可酌情加收；追加摄片另计价,0,1,,3.0,,0.2.21.2101.210101,0,,,,,,,,,,,,,,,,,,,,,,,,,,,,,,,,
a68c4dbe-7a09-11e9-910a-8cec4bd010f3,a68c26ff-7a09-11e9-910a-8cec4bd010f3,210102,X线摄影,含曝光、冲洗、诊断和胶片等,,,1．一张胶片多次曝光酌情加收；2．加滤线器计费酌情加收；3．体层摄影按层酌情加收；4．床旁摄片酌情加收 5．使用感绿片酌情加收 ,0,1,,3.0,,0.2.21.2101.210102,0,,,,,,,,,,,,,,,,,,,,,,,,,,,,,,,,
a68c6110-7a09-11e9-910a-8cec4bd010f3,a68c26ff-7a09-11e9-910a-8cec4bd010f3,210103,X线造影,含临床操作及造影剂过敏试验,造影剂、胶片、一次性插管,,使用数字化X线机酌情加收,0,1,,3.0,,0.2.21.2101.210103,0,,,,,,,,,,,,,,,,,,,,,,,,,,,,,,,,
a68c746d-7a09-11e9-910a-8cec4bd010f3,a68c10e7-7a09-11e9-910a-8cec4bd010f3,2102,2．磁共振扫描(MRI),含胶片及冲洗、数据存储介质、增强扫描用注射器耗材,造影剂、麻醉及其药物,,1．计价部位分为颅脑、眼眶、垂体、中耳、颈部、胸部、心脏、上腹部、颈椎、胸椎、腰椎、双髋关节、膝关节、颞颌关节、其他；2．计价场强：以场强0．5-1T为基价， 超过或不足时上下浮动一定百分数；3．使用心电或呼吸门控设备酌情加收,0,1,,2.0,,0.2.21.2102,0,,,,,,,,,,,,,,,,,,,,,,,,,,,,,,,,
a68c87b8-7a09-11e9-910a-8cec4bd010f3,a68c10e7-7a09-11e9-910a-8cec4bd010f3,2103,3．X线计算机体层(CT)扫描,含胶片及冲洗、数据存储介质、增强扫描用注射器等耗材,造影剂、麻醉及其药物,,1．计价部位分为颅脑、眼眶、视神经管、颞骨、鞍区、副鼻窦、鼻骨、 颈部、胸部、心脏、上腹部、下腹部、盆腔、椎体(每三个椎体)、双髋关节、膝关节、肢体、其他；2．使用螺旋扫描酌情加收；3．三维重建酌情加收；4．单次多层扫描酌情加收；5．使用心电或呼吸门控设备的酌情加收,0,1,,2.0,,0.2.21.2103,0,,,,,,,,,,,,,,,,,,,,,,,,,,,,,,,,
a68c9b11-7a09-11e9-910a-8cec4bd010f3,a68c10e7-7a09-11e9-910a-8cec4bd010f3,2104,4．院外影像学会诊,,,,,0,1,,2.0,,0.2.21.2104,0,,,,,,,,,,,,,,,,,,,,,,,,,,,,,,,,
a68cae5c-7a09-11e9-910a-8cec4bd010f3,a68c10e7-7a09-11e9-910a-8cec4bd010f3,2105,5．其他,,,,,0,1,,2.0,,0.2.21.2105,0,,,,,,,,,,,,,,,,,,,,,,,,,,,,,,,,
a68cc1ad-7a09-11e9-910a-8cec4bd010f3,a68bfb8b-7a09-11e9-910a-8cec4bd010f3,22,(二)超声检查,,,,,0,1,,1.0,,0.2.22,0,,,,,,,,,,,,,,,,,,,,,,,,,,,,,,,,
a68cd4ff-7a09-11e9-910a-8cec4bd010f3,a68cc1ad-7a09-11e9-910a-8cec4bd010f3,2201,1．A超,,图象记录,,,0,1,,2.0,,0.2.22.2201,0,,,,,,,,,,,,,,,,,,,,,,,,,,,,,,,,
a68ce858-7a09-11e9-910a-8cec4bd010f3,a68cc1ad-7a09-11e9-910a-8cec4bd010f3,2202,2．B超,,图象记录、造影剂,,,0,1,,2.0,,0.2.22.2202,0,,,,,,,,,,,,,,,,,,,,,,,,,,,,,,,,
a68cfbae-7a09-11e9-910a-8cec4bd010f3,a68ce858-7a09-11e9-910a-8cec4bd010f3,220201,各部位一般B超检查,,,,,0,1,,3.0,,0.2.22.2202.220201,0,,,,,,,,,,,,,,,,,,,,,,,,,,,,,,,,
a68d0f09-7a09-11e9-910a-8cec4bd010f3,a68ce858-7a09-11e9-910a-8cec4bd010f3,220202,腔内B超检查,,,,,0,1,,3.0,,0.2.22.2202.220202,0,,,,,,,,,,,,,,,,,,,,,,,,,,,,,,,,
a68d2258-7a09-11e9-910a-8cec4bd010f3,a68ce858-7a09-11e9-910a-8cec4bd010f3,220203,B超脏器功能评估,,,,,0,1,,3.0,,0.2.22.2202.220203,0,,,,,,,,,,,,,,,,,,,,,,,,,,,,,,,,
a68d35ae-7a09-11e9-910a-8cec4bd010f3,a68cc1ad-7a09-11e9-910a-8cec4bd010f3,2203,3．彩色多普勒超声检查,,图象记录、造影剂,,,0,1,,2.0,,0.2.22.2203,0,,,,,,,,,,,,,,,,,,,,,,,,,,,,,,,,
a68d48fc-7a09-11e9-910a-8cec4bd010f3,a68d35ae-7a09-11e9-910a-8cec4bd010f3,220301,普通彩色多普勒超声检查,,,,,0,1,,3.0,,0.2.22.2203.220301,0,,,,,,,,,,,,,,,,,,,,,,,,,,,,,,,,
a68d5c66-7a09-11e9-910a-8cec4bd010f3,a68d35ae-7a09-11e9-910a-8cec4bd010f3,220302,彩色多普勒超声特殊检查,,,,,0,1,,3.0,,0.2.22.2203.220302,0,,,,,,,,,,,,,,,,,,,,,,,,,,,,,,,,
a68d6fad-7a09-11e9-910a-8cec4bd010f3,a68cc1ad-7a09-11e9-910a-8cec4bd010f3,2204,4．多普勒检查,指单纯伪彩频谱多普勒检查，不具备二维图象和真彩色多普勒功能,图象记录、造影剂,,,0,1,,2.0,,0.2.22.2204,0,,,,,,,,,,,,,,,,,,,,,,,,,,,,,,,,
a68d830a-7a09-11e9-910a-8cec4bd010f3,a68cc1ad-7a09-11e9-910a-8cec4bd010f3,2205,5．三维超声检查,,,,,0,1,,2.0,,0.2.22.2205,0,,,,,,,,,,,,,,,,,,,,,,,,,,,,,,,,
a68d9655-7a09-11e9-910a-8cec4bd010f3,a68cc1ad-7a09-11e9-910a-8cec4bd010f3,2206,6．心脏超声检查,,图象记录、造影剂,,,0,1,,2.0,,0.2.22.2206,0,,,,,,,,,,,,,,,,,,,,,,,,,,,,,,,,
a68da9b1-7a09-11e9-910a-8cec4bd010f3,a68cc1ad-7a09-11e9-910a-8cec4bd010f3,2207,7．其他心脏超声诊疗技术,,,,,0,1,,2.0,,0.2.22.2207,0,,,,,,,,,,,,,,,,,,,,,,,,,,,,,,,,
a68dbd1e-7a09-11e9-910a-8cec4bd010f3,a68cc1ad-7a09-11e9-910a-8cec4bd010f3,2208,8．图象记录附加收费项目,,,,,0,1,,2.0,,0.2.22.2208,0,,,,,,,,,,,,,,,,,,,,,,,,,,,,,,,,
a68dd11e-7a09-11e9-910a-8cec4bd010f3,a68bfb8b-7a09-11e9-910a-8cec4bd010f3,23,(三)核医学,含核素药物制备和注射、临床穿刺插管和介入性操作；不含必要时使用的心电监护和抢救,药物、X光片、彩色胶片、数据存贮介质,,                              放射免疫分析见检验科项目                                         ,0,1,,1.0,,0.2.23,0,,,,,,,,,,,,,,,,,,,,,,,,,,,,,,,,
a68de4fb-7a09-11e9-910a-8cec4bd010f3,a68dd11e-7a09-11e9-910a-8cec4bd010f3,2301,1．核素扫描,含彩色打印,,,,0,1,,2.0,,0.2.23.2301,0,,,,,,,,,,,,,,,,,,,,,,,,,,,,,,,,
a68df8ea-7a09-11e9-910a-8cec4bd010f3,a68dd11e-7a09-11e9-910a-8cec4bd010f3,2302,2．伽玛照相,指为平面脏器动态、静态显象及全身显象；含各种图象记录过程,,,使用SPECT设备的伽玛照相按同一标准计价； 图像融合酌情加收,0,1,,2.0,,0.2.23.2302,0,,,,,,,,,,,,,,,,,,,,,,,,,,,,,,,,
a68e0cc5-7a09-11e9-910a-8cec4bd010f3,a68dd11e-7a09-11e9-910a-8cec4bd010f3,2303,3．单光子发射计算机断层显象(SPECT),指断层显象、全身显象和符合探测显象；含各种图象记录过程,,,1．采用多探头酌情加收；2．符合探测显象酌情加收； 3．透射显像衰减校正酌情加收 ,0,1,,2.0,,0.2.23.2303,0,,,,,,,,,,,,,,,,,,,,,,,,,,,,,,,,
a68e20b4-7a09-11e9-910a-8cec4bd010f3,a68dd11e-7a09-11e9-910a-8cec4bd010f3,2304,4．正电子发射计算机断层显象(PET),指使用PET和加速器的断层显象；含各种图象记录过程,,,1．透射显象衰减校正酌情加收  2．图象融合酌情加收,0,1,,2.0,,0.2.23.2304,0,,,,,,,,,,,,,,,,,,,,,,,,,,,,,,,,
a68e3492-7a09-11e9-910a-8cec4bd010f3,a68dd11e-7a09-11e9-910a-8cec4bd010f3,2305,5．核素功能检查,,,每个部位,,0,1,,2.0,,0.2.23.2305,0,,,,,,,,,,,,,,,,,,,,,,,,,,,,,,,,
a68e488c-7a09-11e9-910a-8cec4bd010f3,a68dd11e-7a09-11e9-910a-8cec4bd010f3,2306,6．核素内照射治疗,指开放性核素内照射治疗；含临床和介入性操作、放射性核素制备与活度的标定、放射性废物(包括病人排泄物)处理及稀释储存、防护装置的使用；不含特殊防护病房住院费,核素治疗药物、一次性导管,,,0,1,,2.0,,0.2.23.2306,0,,,,,,,,,,,,,,,,,,,,,,,,,,,,,,,,
a68e5c5c-7a09-11e9-910a-8cec4bd010f3,a68bfb8b-7a09-11e9-910a-8cec4bd010f3,24,(四)放射治疗,,,,除特定说明的项目外，均按治疗计划、模拟定位、治疗、模具等项分别计价,0,1,,1.0,,0.2.24,0,,,,,,,,,,,,,,,,,,,,,,,,,,,,,,,,
a68e7041-7a09-11e9-910a-8cec4bd010f3,a68e5c5c-7a09-11e9-910a-8cec4bd010f3,2401,1．放射治疗计划及剂量计算,,,,疗程中修改计划酌情加收,0,1,,2.0,,0.2.24.2401,0,,,,,,,,,,,,,,,,,,,,,,,,,,,,,,,,
a68e841b-7a09-11e9-910a-8cec4bd010f3,a68e5c5c-7a09-11e9-910a-8cec4bd010f3,2402,2．模拟定位,,,,疗程中修改定位、定位验证酌情加收,0,1,,2.0,,0.2.24.2402,0,,,,,,,,,,,,,,,,,,,,,,,,,,,,,,,,
a68e9803-7a09-11e9-910a-8cec4bd010f3,a68e5c5c-7a09-11e9-910a-8cec4bd010f3,2403,3．外照射治疗,,  ,,,0,1,,2.0,,0.2.24.2403,0,,,,,,,,,,,,,,,,,,,,,,,,,,,,,,,,
a68eabe1-7a09-11e9-910a-8cec4bd010f3,a68e5c5c-7a09-11e9-910a-8cec4bd010f3,2404,4．后装治疗,不含手术、麻醉,核素治疗药物,,,0,1,,2.0,,0.2.24.2404,0,,,,,,,,,,,,,,,,,,,,,,,,,,,,,,,,
a68ebfc5-7a09-11e9-910a-8cec4bd010f3,a68e5c5c-7a09-11e9-910a-8cec4bd010f3,2405,5．模具设计及制作,包括斗蓬野、倒Y野,,,,0,1,,2.0,,0.2.24.2405,0,,,,,,,,,,,,,,,,,,,,,,,,,,,,,,,,
a68ed3b1-7a09-11e9-910a-8cec4bd010f3,a68e5c5c-7a09-11e9-910a-8cec4bd010f3,2406,6．其他辅助操作,,,,,0,1,,2.0,,0.2.24.2406,0,,,,,,,,,,,,,,,,,,,,,,,,,,,,,,,,
a68ee79d-7a09-11e9-910a-8cec4bd010f3,a68e5c5c-7a09-11e9-910a-8cec4bd010f3,2407,7．其他,,,,,0,1,,2.0,,0.2.24.2407,0,,,,,,,,,,,,,,,,,,,,,,,,,,,,,,,,
a68efb77-7a09-11e9-910a-8cec4bd010f3,a68bfb8b-7a09-11e9-910a-8cec4bd010f3,25,(五)检验,,,,凡说明栏中用①②③④注明不同方法的，可分别计价,0,1,,1.0,,0.2.25,0,,,,,,,,,,,,,,,,,,,,,,,,,,,,,,,,
a68f0f70-7a09-11e9-910a-8cec4bd010f3,a68efb77-7a09-11e9-910a-8cec4bd010f3,2501,1．临床检验,,,,,0,1,,2.0,,0.2.25.2501,0,,,,,,,,,,,,,,,,,,,,,,,,,,,,,,,,
a68f2362-7a09-11e9-910a-8cec4bd010f3,a68f0f70-7a09-11e9-910a-8cec4bd010f3,250101,血液一般检查,,,,,0,1,,3.0,,0.2.25.2501.250101,0,,,,,,,,,,,,,,,,,,,,,,,,,,,,,,,,
a68f375f-7a09-11e9-910a-8cec4bd010f3,a68f0f70-7a09-11e9-910a-8cec4bd010f3,250102,尿液一般检查,,,  ,,0,1,,3.0,,0.2.25.2501.250102,0,,,,,,,,,,,,,,,,,,,,,,,,,,,,,,,,
a68f4b4b-7a09-11e9-910a-8cec4bd010f3,a68f0f70-7a09-11e9-910a-8cec4bd010f3,250103,粪便检查,,,,,0,1,,3.0,,0.2.25.2501.250103,0,,,,,,,,,,,,,,,,,,,,,,,,,,,,,,,,
a68f5f47-7a09-11e9-910a-8cec4bd010f3,a68f0f70-7a09-11e9-910a-8cec4bd010f3,250104,体液与分泌物检查,,,,,0,1,,3.0,,0.2.25.2501.250104,0,,,,,,,,,,,,,,,,,,,,,,,,,,,,,,,,
a68f7333-7a09-11e9-910a-8cec4bd010f3,a68efb77-7a09-11e9-910a-8cec4bd010f3,2502,2．临床血液学检查,,特殊采血管,,,0,1,,2.0,,0.2.25.2502,0,,,,,,,,,,,,,,,,,,,,,,,,,,,,,,,,
a68f873d-7a09-11e9-910a-8cec4bd010f3,a68f7333-7a09-11e9-910a-8cec4bd010f3,250201,骨髓检查及常用染色技术,,,,,0,1,,3.0,,0.2.25.2502.250201,0,,,,,,,,,,,,,,,,,,,,,,,,,,,,,,,,
a68f9b2c-7a09-11e9-910a-8cec4bd010f3,a68f7333-7a09-11e9-910a-8cec4bd010f3,250202,溶血检查,,,,,0,1,,3.0,,0.2.25.2502.250202,0,,,,,,,,,,,,,,,,,,,,,,,,,,,,,,,,
a68faf28-7a09-11e9-910a-8cec4bd010f3,a68f7333-7a09-11e9-910a-8cec4bd010f3,250203,凝血检查,,,,,0,1,,3.0,,0.2.25.2502.250203,0,,,,,,,,,,,,,,,,,,,,,,,,,,,,,,,,
a68fc317-7a09-11e9-910a-8cec4bd010f3,a68efb77-7a09-11e9-910a-8cec4bd010f3,2503,3．临床化学检查,含各类特殊采血管,,,,0,1,,2.0,,0.2.25.2503,0,,,,,,,,,,,,,,,,,,,,,,,,,,,,,,,,
a68fd721-7a09-11e9-910a-8cec4bd010f3,a68fc317-7a09-11e9-910a-8cec4bd010f3,250301,蛋白质测定,,,,,0,1,,3.0,,0.2.25.2503.250301,0,,,,,,,,,,,,,,,,,,,,,,,,,,,,,,,,
a68feb17-7a09-11e9-910a-8cec4bd010f3,a68fc317-7a09-11e9-910a-8cec4bd010f3,250302,糖及其代谢物测定,,,,,0,1,,3.0,,0.2.25.2503.250302,0,,,,,,,,,,,,,,,,,,,,,,,,,,,,,,,,
a68fff22-7a09-11e9-910a-8cec4bd010f3,a68fc317-7a09-11e9-910a-8cec4bd010f3,250303,血脂及脂蛋白测定,,,,,0,1,,3.0,,0.2.25.2503.250303,0,,,,,,,,,,,,,,,,,,,,,,,,,,,,,,,,
a6901325-7a09-11e9-910a-8cec4bd010f3,a68fc317-7a09-11e9-910a-8cec4bd010f3,250304,无机元素测定,包括血、尿、脑脊液等标本,,,,0,1,,3.0,,0.2.25.2503.250304,0,,,,,,,,,,,,,,,,,,,,,,,,,,,,,,,,
a6902717-7a09-11e9-910a-8cec4bd010f3,a68fc317-7a09-11e9-910a-8cec4bd010f3,250305,肝病的实验诊断,,,,,0,1,,3.0,,0.2.25.2503.250305,0,,,,,,,,,,,,,,,,,,,,,,,,,,,,,,,,
a6903b73-7a09-11e9-910a-8cec4bd010f3,a68fc317-7a09-11e9-910a-8cec4bd010f3,250306,心肌疾病的实验诊断,,,,,0,1,,3.0,,0.2.25.2503.250306,0,,,,,,,,,,,,,,,,,,,,,,,,,,,,,,,,
a6904f69-7a09-11e9-910a-8cec4bd010f3,a68fc317-7a09-11e9-910a-8cec4bd010f3,250307,肾脏疾病的实验诊断,,,,,0,1,,3.0,,0.2.25.2503.250307,0,,,,,,,,,,,,,,,,,,,,,,,,,,,,,,,,
a690636a-7a09-11e9-910a-8cec4bd010f3,a68fc317-7a09-11e9-910a-8cec4bd010f3,250308,其它血清酶类测定,,,,,0,1,,3.0,,0.2.25.2503.250308,0,,,,,,,,,,,,,,,,,,,,,,,,,,,,,,,,
a6907763-7a09-11e9-910a-8cec4bd010f3,a68fc317-7a09-11e9-910a-8cec4bd010f3,250309,维生素、氨基酸与血药浓度测定,,,,①免疫学法②色谱法,0,1,,3.0,,0.2.25.2503.250309,0,,,,,,,,,,,,,,,,,,,,,,,,,,,,,,,,
a6908b66-7a09-11e9-910a-8cec4bd010f3,a68fc317-7a09-11e9-910a-8cec4bd010f3,250310,激素测定,,,,,0,1,,3.0,,0.2.25.2503.250310,0,,,,,,,,,,,,,,,,,,,,,,,,,,,,,,,,
a6909f58-7a09-11e9-910a-8cec4bd010f3,a68fc317-7a09-11e9-910a-8cec4bd010f3,250311,骨质疏松的实验诊断,,,,,0,1,,3.0,,0.2.25.2503.250311,0,,,,,,,,,,,,,,,,,,,,,,,,,,,,,,,,
a690b3d0-7a09-11e9-910a-8cec4bd010f3,a68efb77-7a09-11e9-910a-8cec4bd010f3,2504,4．临床免疫学检查,,特殊采血管,,,0,1,,2.0,,0.2.25.2504,0,,,,,,,,,,,,,,,,,,,,,,,,,,,,,,,,
a690c7c9-7a09-11e9-910a-8cec4bd010f3,a690b3d0-7a09-11e9-910a-8cec4bd010f3,250401,免疫功能测定,,,,,0,1,,3.0,,0.2.25.2504.250401,0,,,,,,,,,,,,,,,,,,,,,,,,,,,,,,,,
a690dbee-7a09-11e9-910a-8cec4bd010f3,a690b3d0-7a09-11e9-910a-8cec4bd010f3,250402,自身免疫病的实验诊断,,,,,0,1,,3.0,,0.2.25.2504.250402,0,,,,,,,,,,,,,,,,,,,,,,,,,,,,,,,,
a690eff2-7a09-11e9-910a-8cec4bd010f3,a690b3d0-7a09-11e9-910a-8cec4bd010f3,250403,感染免疫学检测,,,,,0,1,,3.0,,0.2.25.2504.250403,0,,,,,,,,,,,,,,,,,,,,,,,,,,,,,,,,
a69103f5-7a09-11e9-910a-8cec4bd010f3,a690b3d0-7a09-11e9-910a-8cec4bd010f3,250404,肿瘤相关抗原测定,,,,,0,1,,3.0,,0.2.25.2504.250404,0,,,,,,,,,,,,,,,,,,,,,,,,,,,,,,,,
a69117e4-7a09-11e9-910a-8cec4bd010f3,a690b3d0-7a09-11e9-910a-8cec4bd010f3,250405,变应原测定,,,,,0,1,,3.0,,0.2.25.2504.250405,0,,,,,,,,,,,,,,,,,,,,,,,,,,,,,,,,
a6912be1-7a09-11e9-910a-8cec4bd010f3,a68efb77-7a09-11e9-910a-8cec4bd010f3,2505,5．临床微生物学检查,,,,,0,1,,2.0,,0.2.25.2505,0,,,,,,,,,,,,,,,,,,,,,,,,,,,,,,,,
a6913fd0-7a09-11e9-910a-8cec4bd010f3,a6912be1-7a09-11e9-910a-8cec4bd010f3,250501,病原微生物镜检、培养与鉴定,,,,,0,1,,3.0,,0.2.25.2505.250501,0,,,,,,,,,,,,,,,,,,,,,,,,,,,,,,,,
a69153cc-7a09-11e9-910a-8cec4bd010f3,a6912be1-7a09-11e9-910a-8cec4bd010f3,250502,药物敏感试验,,,,,0,1,,3.0,,0.2.25.2505.250502,0,,,,,,,,,,,,,,,,,,,,,,,,,,,,,,,,
a69167b8-7a09-11e9-910a-8cec4bd010f3,a6912be1-7a09-11e9-910a-8cec4bd010f3,250503,其它检验试验,,,,,0,1,,3.0,,0.2.25.2505.250503,0,,,,,,,,,,,,,,,,,,,,,,,,,,,,,,,,
a6917bb5-7a09-11e9-910a-8cec4bd010f3,a68efb77-7a09-11e9-910a-8cec4bd010f3,2506,6．临床寄生虫学检查,,,,,0,1,,2.0,,0.2.25.2506,0,,,,,,,,,,,,,,,,,,,,,,,,,,,,,,,,
a6918fa4-7a09-11e9-910a-8cec4bd010f3,a6917bb5-7a09-11e9-910a-8cec4bd010f3,250601,寄生虫镜检,,,,,0,1,,3.0,,0.2.25.2506.250601,0,,,,,,,,,,,,,,,,,,,,,,,,,,,,,,,,
a691a3a4-7a09-11e9-910a-8cec4bd010f3,a6917bb5-7a09-11e9-910a-8cec4bd010f3,250602,寄生虫免疫学检查,,,,,0,1,,3.0,,0.2.25.2506.250602,0,,,,,,,,,,,,,,,,,,,,,,,,,,,,,,,,
a691b793-7a09-11e9-910a-8cec4bd010f3,a68efb77-7a09-11e9-910a-8cec4bd010f3,2507,7．遗传疾病的分子生物学诊断,,,,,0,1,,2.0,,0.2.25.2507,0,,,,,,,,,,,,,,,,,,,,,,,,,,,,,,,,
a691cb77-7a09-11e9-910a-8cec4bd010f3,a68bfb8b-7a09-11e9-910a-8cec4bd010f3,26,(六)血型与配血,,,,,0,1,,1.0,,0.2.26,0,,,,,,,,,,,,,,,,,,,,,,,,,,,,,,,,
a691df4b-7a09-11e9-910a-8cec4bd010f3,a68bfb8b-7a09-11e9-910a-8cec4bd010f3,27,(七)病理检查,,,,,0,1,,1.0,,0.2.27,0,,,,,,,,,,,,,,,,,,,,,,,,,,,,,,,,
a691f336-7a09-11e9-910a-8cec4bd010f3,a691df4b-7a09-11e9-910a-8cec4bd010f3,2701,1．尸体解剖与防腐处理,,,,,0,1,,2.0,,0.2.27.2701,0,,,,,,,,,,,,,,,,,,,,,,,,,,,,,,,,
a6920714-7a09-11e9-910a-8cec4bd010f3,a691df4b-7a09-11e9-910a-8cec4bd010f3,2702,2．细胞病理学检查与诊断,不含采集标本的临床操作、细胞病理学标本的非常规诊断技术，如：电镜检查、组织化学与免疫组化染色、图象分析技术、流式细胞术、计算机细胞筛选技术、分子病理学检查等,,,以两张涂(压)片为基价，超过两张酌情加收,0,1,,2.0,,0.2.27.2702,0,,,,,,,,,,,,,,,,,,,,,,,,,,,,,,,,
a6921b06-7a09-11e9-910a-8cec4bd010f3,a691df4b-7a09-11e9-910a-8cec4bd010f3,2703,3．组织病理学检查与诊断,不含采集标本的临床操作、组织病理学标本的非常规诊断技术，如：电镜检查、组织化学与免疫组化染色、图象分析技术、 流式细胞术、计算机细胞筛选技术、 分子病理学检查等,,,,0,1,,2.0,,0.2.27.2703,0,,,,,,,,,,,,,,,,,,,,,,,,,,,,,,,,
a6922ee4-7a09-11e9-910a-8cec4bd010f3,a691df4b-7a09-11e9-910a-8cec4bd010f3,2704,4．冰冻切片与快速石蜡切片检查与诊断,不含非常规的特殊染色技术, ,,特异性感染标本酌情加收,0,1,,2.0,,0.2.27.2704,0,,,,,,,,,,,,,,,,,,,,,,,,,,,,,,,,
a69242cd-7a09-11e9-910a-8cec4bd010f3,a691df4b-7a09-11e9-910a-8cec4bd010f3,2705,5．特殊染色诊断技术,,,,,0,1,,2.0,,0.2.27.2705,0,,,,,,,,,,,,,,,,,,,,,,,,,,,,,,,,
a69256a0-7a09-11e9-910a-8cec4bd010f3,a691df4b-7a09-11e9-910a-8cec4bd010f3,2706,6．电镜病理诊断,均含标本制备,,,,0,1,,2.0,,0.2.27.2706,0,,,,,,,,,,,,,,,,,,,,,,,,,,,,,,,,
a6926a88-7a09-11e9-910a-8cec4bd010f3,a691df4b-7a09-11e9-910a-8cec4bd010f3,2707,7、分子病理学诊断技术,,,,,0,1,,2.0,,0.2.27.2707,0,,,,,,,,,,,,,,,,,,,,,,,,,,,,,,,,
a6927e62-7a09-11e9-910a-8cec4bd010f3,a691df4b-7a09-11e9-910a-8cec4bd010f3,2708,8．其他病理技术项目,,,,,0,1,,2.0,,0.2.27.2708,0,,,,,,,,,,,,,,,,,,,,,,,,,,,,,,,,
a692922f-7a09-11e9-910a-8cec4bd010f3,0,3,三、临床诊疗类,,,,"1、本类包括临床各系统诊疗、经血管介入诊疗、手术治疗、物理治疗与康复，总分类码为3，共计四类，5203项。
2、在第二至第四及分类中已经注明的共性除外内容，在第五级诊疗项目中不再一一列出。
3、在医疗服务项目中，不足一个计价单位的按一个计价单位计算。一个而服务项目在同一时间经多次操作方能完成，也应按一次计价。
4、说明中的“酌情加收”是指该项目的技术难度或成本因素增大较多，故在定价时应考虑适当增加一定的百分比。
5、所有医疗服务项目中的活检均不含病理诊断的服务内容。
6、经血管介入医疗服务项目单独分类立项，其他介入医疗服务项目按国际疾病分类（ICD-9-CM）方式分列在各相关系统项目中。
7、本类根据“项目内涵”和“说明”共拆分分解项（标注☆）1959项，加收项（标注△）389项，集中讨论拟增补5项（标注○符号）。",0,1,,0.0,,0.3,0,,,,,,,,,,,,,,,,,,,,,,,,,,,,,,,,
a692a618-7a09-11e9-910a-8cec4bd010f3,a692922f-7a09-11e9-910a-8cec4bd010f3,31,(一)临床各系统诊疗,,,,,0,1,,1.0,,0.3.31,0,,,,,,,,,,,,,,,,,,,,,,,,,,,,,,,,
a692ba3a-7a09-11e9-910a-8cec4bd010f3,a692a618-7a09-11e9-910a-8cec4bd010f3,3101,1．神经系统,,,,,0,1,,2.0,,0.3.31.3101,0,,,,,,,,,,,,,,,,,,,,,,,,,,,,,,,,
a692ce63-7a09-11e9-910a-8cec4bd010f3,a692a618-7a09-11e9-910a-8cec4bd010f3,3102,2．内分泌系统,,检验费,,,0,1,,2.0,,0.3.31.3102,0,,,,,,,,,,,,,,,,,,,,,,,,,,,,,,,,
a692e2a3-7a09-11e9-910a-8cec4bd010f3,a692ce63-7a09-11e9-910a-8cec4bd010f3,310201,垂体兴奋试验：,含需取静脉血5次及结果分析 ,,,,0,1,,3.0,,0.3.31.3102.310201,0,,,,,,,,,,,,,,,,,,,,,,,,,,,,,,,,
a692f6cc-7a09-11e9-910a-8cec4bd010f3,a692ce63-7a09-11e9-910a-8cec4bd010f3,310202,垂体抑制试验,,,,,0,1,,3.0,,0.3.31.3102.310202,0,,,,,,,,,,,,,,,,,,,,,,,,,,,,,,,,
a6930b03-7a09-11e9-910a-8cec4bd010f3,a692ce63-7a09-11e9-910a-8cec4bd010f3,310203,垂体后叶功能试验,,,,,0,1,,3.0,,0.3.31.3102.310203,0,,,,,,,,,,,,,,,,,,,,,,,,,,,,,,,,
a6931f2f-7a09-11e9-910a-8cec4bd010f3,a692ce63-7a09-11e9-910a-8cec4bd010f3,310204,甲状旁腺功能试验,,,,,0,1,,3.0,,0.3.31.3102.310204,0,,,,,,,,,,,,,,,,,,,,,,,,,,,,,,,,
a693336d-7a09-11e9-910a-8cec4bd010f3,a692ce63-7a09-11e9-910a-8cec4bd010f3,310205,胰岛功能试验,,,,,0,1,,3.0,,0.3.31.3102.310205,0,,,,,,,,,,,,,,,,,,,,,,,,,,,,,,,,
a69347a0-7a09-11e9-910a-8cec4bd010f3,a692ce63-7a09-11e9-910a-8cec4bd010f3,310206,肾上腺皮质功能试验,,,,,0,1,,3.0,,0.3.31.3102.310206,0,,,,,,,,,,,,,,,,,,,,,,,,,,,,,,,,
a6935bdd-7a09-11e9-910a-8cec4bd010f3,a692ce63-7a09-11e9-910a-8cec4bd010f3,310207,肾上腺髓质功能试验,,,,,0,1,,3.0,,0.3.31.3102.310207,0,,,,,,,,,,,,,,,,,,,,,,,,,,,,,,,,
a6937003-7a09-11e9-910a-8cec4bd010f3,a692ce63-7a09-11e9-910a-8cec4bd010f3,310208,其它,,,,,0,1,,3.0,,0.3.31.3102.310208,0,,,,,,,,,,,,,,,,,,,,,,,,,,,,,,,,
a6938441-7a09-11e9-910a-8cec4bd010f3,a692a618-7a09-11e9-910a-8cec4bd010f3,3103,3．眼部,,,,,0,1,,2.0,,0.3.31.3103,0,,,,,,,,,,,,,,,,,,,,,,,,,,,,,,,,
a6939870-7a09-11e9-910a-8cec4bd010f3,a692a618-7a09-11e9-910a-8cec4bd010f3,3104,4．耳鼻咽喉,,,,,0,1,,2.0,,0.3.31.3104,0,,,,,,,,,,,,,,,,,,,,,,,,,,,,,,,,
a693ac9c-7a09-11e9-910a-8cec4bd010f3,a6939870-7a09-11e9-910a-8cec4bd010f3,310401,耳部诊疗,,,,,0,1,,3.0,,0.3.31.3104.310401,0,,,,,,,,,,,,,,,,,,,,,,,,,,,,,,,,
a693c0da-7a09-11e9-910a-8cec4bd010f3,a6939870-7a09-11e9-910a-8cec4bd010f3,310402,鼻部诊疗,,,,,0,1,,3.0,,0.3.31.3104.310402,0,,,,,,,,,,,,,,,,,,,,,,,,,,,,,,,,
a693d500-7a09-11e9-910a-8cec4bd010f3,a6939870-7a09-11e9-910a-8cec4bd010f3,310403,咽喉部诊疗,,,,,0,1,,3.0,,0.3.31.3104.310403,0,,,,,,,,,,,,,,,,,,,,,,,,,,,,,,,,
a693e93a-7a09-11e9-910a-8cec4bd010f3,a692a618-7a09-11e9-910a-8cec4bd010f3,3105,5．口腔颌面,,口腔特殊一次性卫生材料及器械、口腔特殊用药、传染病人特殊消耗物品,,1．疑难病症治疗加收；2．与医疗美容相关的治疗加收；3．正畸专业治疗18岁以上成人加收,0,1,,2.0,,0.3.31.3105,0,,,,,,,,,,,,,,,,,,,,,,,,,,,,,,,,
a693fd5f-7a09-11e9-910a-8cec4bd010f3,a693e93a-7a09-11e9-910a-8cec4bd010f3,310501,口腔综合检查,,,,,0,1,,3.0,,0.3.31.3105.310501,0,,,,,,,,,,,,,,,,,,,,,,,,,,,,,,,,
a69411a0-7a09-11e9-910a-8cec4bd010f3,a693e93a-7a09-11e9-910a-8cec4bd010f3,310502,牙体牙髓检查,,,,,0,1,,3.0,,0.3.31.3105.310502,0,,,,,,,,,,,,,,,,,,,,,,,,,,,,,,,,
a69425d0-7a09-11e9-910a-8cec4bd010f3,a693e93a-7a09-11e9-910a-8cec4bd010f3,310503,牙周检查,,,,,0,1,,3.0,,0.3.31.3105.310503,0,,,,,,,,,,,,,,,,,,,,,,,,,,,,,,,,
a6943a1b-7a09-11e9-910a-8cec4bd010f3,a693e93a-7a09-11e9-910a-8cec4bd010f3,310504,口腔颌面功能检查,,,,,0,1,,3.0,,0.3.31.3105.310504,0,,,,,,,,,,,,,,,,,,,,,,,,,,,,,,,,
a6944e47-7a09-11e9-910a-8cec4bd010f3,a693e93a-7a09-11e9-910a-8cec4bd010f3,310505,正颌外科手术前设计,,,,,0,1,,3.0,,0.3.31.3105.310505,0,,,,,,,,,,,,,,,,,,,,,,,,,,,,,,,,
a694628f-7a09-11e9-910a-8cec4bd010f3,a693e93a-7a09-11e9-910a-8cec4bd010f3,310506,口腔关节病检查,,,,,0,1,,3.0,,0.3.31.3105.310506,0,,,,,,,,,,,,,,,,,,,,,,,,,,,,,,,,
a69476bf-7a09-11e9-910a-8cec4bd010f3,a693e93a-7a09-11e9-910a-8cec4bd010f3,310507,正畸检查,,,,,0,1,,3.0,,0.3.31.3105.310507,0,,,,,,,,,,,,,,,,,,,,,,,,,,,,,,,,
a6948b00-7a09-11e9-910a-8cec4bd010f3,a693e93a-7a09-11e9-910a-8cec4bd010f3,310508,口腔修复检查,,,,,0,1,,3.0,,0.3.31.3105.310508,0,,,,,,,,,,,,,,,,,,,,,,,,,,,,,,,,
a6949f2c-7a09-11e9-910a-8cec4bd010f3,a693e93a-7a09-11e9-910a-8cec4bd010f3,310509,口腔种植检查,,,,,0,1,,3.0,,0.3.31.3105.310509,0,,,,,,,,,,,,,,,,,,,,,,,,,,,,,,,,
a694b363-7a09-11e9-910a-8cec4bd010f3,a693e93a-7a09-11e9-910a-8cec4bd010f3,310510,口腔一般治疗,,,,,0,1,,3.0,,0.3.31.3105.310510,0,,,,,,,,,,,,,,,,,,,,,,,,,,,,,,,,
a694c796-7a09-11e9-910a-8cec4bd010f3,a693e93a-7a09-11e9-910a-8cec4bd010f3,310511,牙体牙髓治疗,,,,,0,1,,3.0,,0.3.31.3105.310511,0,,,,,,,,,,,,,,,,,,,,,,,,,,,,,,,,
a694dbdd-7a09-11e9-910a-8cec4bd010f3,a693e93a-7a09-11e9-910a-8cec4bd010f3,310512,儿童牙科治疗,,,,,0,1,,3.0,,0.3.31.3105.310512,0,,,,,,,,,,,,,,,,,,,,,,,,,,,,,,,,
a694f00a-7a09-11e9-910a-8cec4bd010f3,a693e93a-7a09-11e9-910a-8cec4bd010f3,310513,牙周治疗,,,,,0,1,,3.0,,0.3.31.3105.310513,0,,,,,,,,,,,,,,,,,,,,,,,,,,,,,,,,
a6950444-7a09-11e9-910a-8cec4bd010f3,a693e93a-7a09-11e9-910a-8cec4bd010f3,310514,粘膜治疗,,,,,0,1,,3.0,,0.3.31.3105.310514,0,,,,,,,,,,,,,,,,,,,,,,,,,,,,,,,,
a6951877-7a09-11e9-910a-8cec4bd010f3,a693e93a-7a09-11e9-910a-8cec4bd010f3,310515,口腔颌面外科治疗,,,,,0,1,,3.0,,0.3.31.3105.310515,0,,,,,,,,,,,,,,,,,,,,,,,,,,,,,,,,
a6952cbc-7a09-11e9-910a-8cec4bd010f3,a693e93a-7a09-11e9-910a-8cec4bd010f3,310516,口腔关节病治疗,,,,,0,1,,3.0,,0.3.31.3105.310516,0,,,,,,,,,,,,,,,,,,,,,,,,,,,,,,,,
a69540f9-7a09-11e9-910a-8cec4bd010f3,a693e93a-7a09-11e9-910a-8cec4bd010f3,310517,固定修复,,各种特殊材料：冠、嵌体、桩核、根帽、贴面、桩冠、固定桥及特殊粘接材料和模型制备、特殊制作工艺,,,0,1,,3.0,,0.3.31.3105.310517,0,,,,,,,,,,,,,,,,,,,,,,,,,,,,,,,,
a69555a0-7a09-11e9-910a-8cec4bd010f3,a693e93a-7a09-11e9-910a-8cec4bd010f3,310518,可摘义齿修复,,各种特殊材料：活动桥、个别托盘、义齿、咬合板、软衬、局部义齿、总义齿、特制暂基托、附着体和模型制备、印模及模型材料,,,0,1,,3.0,,0.3.31.3105.310518,0,,,,,,,,,,,,,,,,,,,,,,,,,,,,,,,,
a69569cd-7a09-11e9-910a-8cec4bd010f3,a693e93a-7a09-11e9-910a-8cec4bd010f3,310519,修复体整理,,,,,0,1,,3.0,,0.3.31.3105.310519,0,,,,,,,,,,,,,,,,,,,,,,,,,,,,,,,,
a6957e14-7a09-11e9-910a-8cec4bd010f3,a693e93a-7a09-11e9-910a-8cec4bd010f3,310520,颞下颌关节病修复治疗,,,,,0,1,,3.0,,0.3.31.3105.310520,0,,,,,,,,,,,,,,,,,,,,,,,,,,,,,,,,
a6959240-7a09-11e9-910a-8cec4bd010f3,a693e93a-7a09-11e9-910a-8cec4bd010f3,310521,颌面缺损修复,,,,,0,1,,3.0,,0.3.31.3105.310521,0,,,,,,,,,,,,,,,,,,,,,,,,,,,,,,,,
a695a68c-7a09-11e9-910a-8cec4bd010f3,a693e93a-7a09-11e9-910a-8cec4bd010f3,310522,正畸治疗,,特殊粘接材料,,,0,1,,3.0,,0.3.31.3105.310522,0,,,,,,,,,,,,,,,,,,,,,,,,,,,,,,,,
a695bac2-7a09-11e9-910a-8cec4bd010f3,a693e93a-7a09-11e9-910a-8cec4bd010f3,310523,口腔种植,,模型制备,,,0,1,,3.0,,0.3.31.3105.310523,0,,,,,,,,,,,,,,,,,,,,,,,,,,,,,,,,
a695cef6-7a09-11e9-910a-8cec4bd010f3,a692a618-7a09-11e9-910a-8cec4bd010f3,3106,6．呼吸系统,,,,,0,1,,2.0,,0.3.31.3106,0,,,,,,,,,,,,,,,,,,,,,,,,,,,,,,,,
a695e336-7a09-11e9-910a-8cec4bd010f3,a695cef6-7a09-11e9-910a-8cec4bd010f3,310601,肺功能检查,指使用肺功能仪检查,,,,0,1,,3.0,,0.3.31.3106.310601,0,,,,,,,,,,,,,,,,,,,,,,,,,,,,,,,,
a695f75c-7a09-11e9-910a-8cec4bd010f3,a695cef6-7a09-11e9-910a-8cec4bd010f3,310602,其他呼吸功能检查,,,,,0,1,,3.0,,0.3.31.3106.310602,0,,,,,,,,,,,,,,,,,,,,,,,,,,,,,,,,
a6960b93-7a09-11e9-910a-8cec4bd010f3,a695cef6-7a09-11e9-910a-8cec4bd010f3,310603,辅助呼吸,,,,,0,1,,3.0,,0.3.31.3106.310603,0,,,,,,,,,,,,,,,,,,,,,,,,,,,,,,,,
a6961fb8-7a09-11e9-910a-8cec4bd010f3,a695cef6-7a09-11e9-910a-8cec4bd010f3,310604,呼吸系统其他诊疗,,,,,0,1,,3.0,,0.3.31.3106.310604,0,,,,,,,,,,,,,,,,,,,,,,,,,,,,,,,,
a69633eb-7a09-11e9-910a-8cec4bd010f3,a695cef6-7a09-11e9-910a-8cec4bd010f3,310605,呼吸系统窥镜诊疗,,,,使用电子纤维内镜酌情加收,0,1,,3.0,,0.3.31.3106.310605,0,,,,,,,,,,,,,,,,,,,,,,,,,,,,,,,,
a6964811-7a09-11e9-910a-8cec4bd010f3,a695cef6-7a09-11e9-910a-8cec4bd010f3,310606,胸部肿瘤治疗,,,,,0,1,,3.0,,0.3.31.3106.310606,0,,,,,,,,,,,,,,,,,,,,,,,,,,,,,,,,
a6965c4e-7a09-11e9-910a-8cec4bd010f3,a695cef6-7a09-11e9-910a-8cec4bd010f3,310607,高压氧治疗,含氧气,,,,0,1,,3.0,,0.3.31.3106.310607,0,,,,,,,,,,,,,,,,,,,,,,,,,,,,,,,,
a696706d-7a09-11e9-910a-8cec4bd010f3,a692a618-7a09-11e9-910a-8cec4bd010f3,3107,7．心脏及血管系统,,,,,0,1,,2.0,,0.3.31.3107,0,,,,,,,,,,,,,,,,,,,,,,,,,,,,,,,,
a696849d-7a09-11e9-910a-8cec4bd010f3,a696706d-7a09-11e9-910a-8cec4bd010f3,310701,心电生理和心功能检查,,,,,0,1,,3.0,,0.3.31.3107.310701,0,,,,,,,,,,,,,,,,,,,,,,,,,,,,,,,,
a69698c2-7a09-11e9-910a-8cec4bd010f3,a696706d-7a09-11e9-910a-8cec4bd010f3,310702,心脏电生理诊疗,含介入操作、影像学监视、心电监测,,,,0,1,,3.0,,0.3.31.3107.310702,0,,,,,,,,,,,,,,,,,,,,,,,,,,,,,,,,
a696acf6-7a09-11e9-910a-8cec4bd010f3,a692a618-7a09-11e9-910a-8cec4bd010f3,3108,8．血液及淋巴系统,,,,,0,1,,2.0,,0.3.31.3108,0,,,,,,,,,,,,,,,,,,,,,,,,,,,,,,,,
a696c118-7a09-11e9-910a-8cec4bd010f3,a692a618-7a09-11e9-910a-8cec4bd010f3,3109,9．消化系统,,,,,0,1,,2.0,,0.3.31.3109,0,,,,,,,,,,,,,,,,,,,,,,,,,,,,,,,,
a696d54b-7a09-11e9-910a-8cec4bd010f3,a696c118-7a09-11e9-910a-8cec4bd010f3,310901,食管诊疗,,,,,0,1,,3.0,,0.3.31.3109.310901,0,,,,,,,,,,,,,,,,,,,,,,,,,,,,,,,,
a696e977-7a09-11e9-910a-8cec4bd010f3,a696c118-7a09-11e9-910a-8cec4bd010f3,310902,胃肠道诊疗,,,,,0,1,,3.0,,0.3.31.3109.310902,0,,,,,,,,,,,,,,,,,,,,,,,,,,,,,,,,
a696fdb8-7a09-11e9-910a-8cec4bd010f3,a696c118-7a09-11e9-910a-8cec4bd010f3,310903,十二指肠、小肠、结肠,,,,,0,1,,3.0,,0.3.31.3109.310903,0,,,,,,,,,,,,,,,,,,,,,,,,,,,,,,,,
a69711e0-7a09-11e9-910a-8cec4bd010f3,a696c118-7a09-11e9-910a-8cec4bd010f3,310904,直肠肛门诊疗,,,,,0,1,,3.0,,0.3.31.3109.310904,0,,,,,,,,,,,,,,,,,,,,,,,,,,,,,,,,
a697261b-7a09-11e9-910a-8cec4bd010f3,a696c118-7a09-11e9-910a-8cec4bd010f3,310905,消化系统其他诊疗,,,,,0,1,,3.0,,0.3.31.3109.310905,0,,,,,,,,,,,,,,,,,,,,,,,,,,,,,,,,
a6973a2c-7a09-11e9-910a-8cec4bd010f3,a692a618-7a09-11e9-910a-8cec4bd010f3,3110,10．泌尿系统,,,,,0,1,,2.0,,0.3.31.3110,0,,,,,,,,,,,,,,,,,,,,,,,,,,,,,,,,
a6974e58-7a09-11e9-910a-8cec4bd010f3,a692a618-7a09-11e9-910a-8cec4bd010f3,3111,11．男性生殖系统,,,,,0,1,,2.0,,0.3.31.3111,0,,,,,,,,,,,,,,,,,,,,,,,,,,,,,,,,
a6976266-7a09-11e9-910a-8cec4bd010f3,a692a618-7a09-11e9-910a-8cec4bd010f3,3112,12．女性生殖系统及孕产(含新生儿诊疗),,,,,0,1,,2.0,,0.3.31.3112,0,,,,,,,,,,,,,,,,,,,,,,,,,,,,,,,,
a69776c9-7a09-11e9-910a-8cec4bd010f3,a6976266-7a09-11e9-910a-8cec4bd010f3,311201,女性生殖系统及孕产诊疗,,,,,0,1,,3.0,,0.3.31.3112.311201,0,,,,,,,,,,,,,,,,,,,,,,,,,,,,,,,,
a6978aeb-7a09-11e9-910a-8cec4bd010f3,a6976266-7a09-11e9-910a-8cec4bd010f3,311202,新生儿特殊诊疗,,,,,0,1,,3.0,,0.3.31.3112.311202,0,,,,,,,,,,,,,,,,,,,,,,,,,,,,,,,,
a6979f11-7a09-11e9-910a-8cec4bd010f3,a692a618-7a09-11e9-910a-8cec4bd010f3,3113,13．肌肉骨骼系统,,,,,0,1,,2.0,,0.3.31.3113,0,,,,,,,,,,,,,,,,,,,,,,,,,,,,,,,,
a697b32c-7a09-11e9-910a-8cec4bd010f3,a692a618-7a09-11e9-910a-8cec4bd010f3,3114,14．体被系统,,,,,0,1,,2.0,,0.3.31.3114,0,,,,,,,,,,,,,,,,,,,,,,,,,,,,,,,,
a697c75c-7a09-11e9-910a-8cec4bd010f3,a692a618-7a09-11e9-910a-8cec4bd010f3,3115,15．精神心理卫生,,,,,0,1,,2.0,,0.3.31.3115,0,,,,,,,,,,,,,,,,,,,,,,,,,,,,,,,,
a697db70-7a09-11e9-910a-8cec4bd010f3,a697c75c-7a09-11e9-910a-8cec4bd010f3,311501,精神科量表测查,,,,,0,1,,3.0,,0.3.31.3115.311501,0,,,,,,,,,,,,,,,,,,,,,,,,,,,,,,,,
a697ef9d-7a09-11e9-910a-8cec4bd010f3,a697c75c-7a09-11e9-910a-8cec4bd010f3,311502,精神科特殊检查,,,,,0,1,,3.0,,0.3.31.3115.311502,0,,,,,,,,,,,,,,,,,,,,,,,,,,,,,,,,
a69803b1-7a09-11e9-910a-8cec4bd010f3,a697c75c-7a09-11e9-910a-8cec4bd010f3,311503,精神科治疗,,,,,0,1,,3.0,,0.3.31.3115.311503,0,,,,,,,,,,,,,,,,,,,,,,,,,,,,,,,,
a69817b8-7a09-11e9-910a-8cec4bd010f3,a692922f-7a09-11e9-910a-8cec4bd010f3,32,(二)经血管介入诊疗,,,,,0,1,,1.0,,0.3.32,0,,,,,,,,,,,,,,,,,,,,,,,,,,,,,,,,
a6982bbb-7a09-11e9-910a-8cec4bd010f3,a69817b8-7a09-11e9-910a-8cec4bd010f3,3201,1．静脉介入诊疗,,,,,0,1,,2.0,,0.3.32.3201,0,,,,,,,,,,,,,,,,,,,,,,,,,,,,,,,,
a6983fc5-7a09-11e9-910a-8cec4bd010f3,a69817b8-7a09-11e9-910a-8cec4bd010f3,3202,2．动脉介入诊疗,,,,,0,1,,2.0,,0.3.32.3202,0,,,,,,,,,,,,,,,,,,,,,,,,,,,,,,,,
a69853bb-7a09-11e9-910a-8cec4bd010f3,a69817b8-7a09-11e9-910a-8cec4bd010f3,3203,3．门脉系统介入诊疗,,,,,0,1,,2.0,,0.3.32.3203,0,,,,,,,,,,,,,,,,,,,,,,,,,,,,,,,,
a69867d3-7a09-11e9-910a-8cec4bd010f3,a69817b8-7a09-11e9-910a-8cec4bd010f3,3204,4．心脏介入诊疗,,,,,0,1,,2.0,,0.3.32.3204,0,,,,,,,,,,,,,,,,,,,,,,,,,,,,,,,,
a6987bd0-7a09-11e9-910a-8cec4bd010f3,a69817b8-7a09-11e9-910a-8cec4bd010f3,3205,5．冠脉介入诊疗,,,,,0,1,,2.0,,0.3.32.3205,0,,,,,,,,,,,,,,,,,,,,,,,,,,,,,,,,
a6988fd7-7a09-11e9-910a-8cec4bd010f3,a69817b8-7a09-11e9-910a-8cec4bd010f3,3206,6．脑和脊髓血管介入诊疗,,,,,0,1,,2.0,,0.3.32.3206,0,,,,,,,,,,,,,,,,,,,,,,,,,,,,,,,,
a698a3eb-7a09-11e9-910a-8cec4bd010f3,a692922f-7a09-11e9-910a-8cec4bd010f3,33,(三)手术治疗,,,,,0,1,,1.0,,0.3.33,0,,,,,,,,,,,,,,,,,,,,,,,,,,,,,,,,
a698b7ff-7a09-11e9-910a-8cec4bd010f3,a698a3eb-7a09-11e9-910a-8cec4bd010f3,3301,1．麻醉,,,,危急病人酌情加收,0,1,,2.0,,0.3.33.3301,0,,,,,,,,,,,,,,,,,,,,,,,,,,,,,,,,
a698cc39-7a09-11e9-910a-8cec4bd010f3,a698a3eb-7a09-11e9-910a-8cec4bd010f3,3302,2．神经系统手术,,,,神经系统手术中应用神经导航系统酌情加收,0,1,,2.0,,0.3.33.3302,0,,,,,,,,,,,,,,,,,,,,,,,,,,,,,,,,
a698e074-7a09-11e9-910a-8cec4bd010f3,a698cc39-7a09-11e9-910a-8cec4bd010f3,330201,颅骨和脑手术,,,,,0,1,,3.0,,0.3.33.3302.330201,0,,,,,,,,,,,,,,,,,,,,,,,,,,,,,,,,
a698f4b1-7a09-11e9-910a-8cec4bd010f3,a698cc39-7a09-11e9-910a-8cec4bd010f3,330202,颅神经手术,,,,,0,1,,3.0,,0.3.33.3302.330202,0,,,,,,,,,,,,,,,,,,,,,,,,,,,,,,,,
a69908dd-7a09-11e9-910a-8cec4bd010f3,a698cc39-7a09-11e9-910a-8cec4bd010f3,330203,脑血管手术,,,,,0,1,,3.0,,0.3.33.3302.330203,0,,,,,,,,,,,,,,,,,,,,,,,,,,,,,,,,
a6991d1b-7a09-11e9-910a-8cec4bd010f3,a698cc39-7a09-11e9-910a-8cec4bd010f3,330204,脊髓、脊髓膜、脊髓血管手术,,,,,0,1,,3.0,,0.3.33.3302.330204,0,,,,,,,,,,,,,,,,,,,,,,,,,,,,,,,,
a699314b-7a09-11e9-910a-8cec4bd010f3,a698a3eb-7a09-11e9-910a-8cec4bd010f3,3303,3．内分泌系统手术,,,,,0,1,,2.0,,0.3.33.3303,0,,,,,,,,,,,,,,,,,,,,,,,,,,,,,,,,
a6994581-7a09-11e9-910a-8cec4bd010f3,a698a3eb-7a09-11e9-910a-8cec4bd010f3,3304,4．眼部手术,,特殊缝线,,,0,1,,2.0,,0.3.33.3304,0,,,,,,,,,,,,,,,,,,,,,,,,,,,,,,,,
a69959ae-7a09-11e9-910a-8cec4bd010f3,a6994581-7a09-11e9-910a-8cec4bd010f3,330401,眼睑手术,,,,,0,1,,3.0,,0.3.33.3304.330401,0,,,,,,,,,,,,,,,,,,,,,,,,,,,,,,,,
a6996df2-7a09-11e9-910a-8cec4bd010f3,a6994581-7a09-11e9-910a-8cec4bd010f3,330402,泪器手术,,,,,0,1,,3.0,,0.3.33.3304.330402,0,,,,,,,,,,,,,,,,,,,,,,,,,,,,,,,,
a6998222-7a09-11e9-910a-8cec4bd010f3,a6994581-7a09-11e9-910a-8cec4bd010f3,330403,结膜手术,,,,,0,1,,3.0,,0.3.33.3304.330403,0,,,,,,,,,,,,,,,,,,,,,,,,,,,,,,,,
a699965f-7a09-11e9-910a-8cec4bd010f3,a6994581-7a09-11e9-910a-8cec4bd010f3,330404,角膜手术,,,,,0,1,,3.0,,0.3.33.3304.330404,0,,,,,,,,,,,,,,,,,,,,,,,,,,,,,,,,
a699aa8f-7a09-11e9-910a-8cec4bd010f3,a6994581-7a09-11e9-910a-8cec4bd010f3,330405,虹膜、睫状体、巩膜和前房手术,,,,,0,1,,3.0,,0.3.33.3304.330405,0,,,,,,,,,,,,,,,,,,,,,,,,,,,,,,,,
a699bed3-7a09-11e9-910a-8cec4bd010f3,a6994581-7a09-11e9-910a-8cec4bd010f3,330406,晶状体手术,,,,,0,1,,3.0,,0.3.33.3304.330406,0,,,,,,,,,,,,,,,,,,,,,,,,,,,,,,,,
a699d310-7a09-11e9-910a-8cec4bd010f3,a6994581-7a09-11e9-910a-8cec4bd010f3,330407,视网膜、脉络膜、后房手术,,,,,0,1,,3.0,,0.3.33.3304.330407,0,,,,,,,,,,,,,,,,,,,,,,,,,,,,,,,,
a699e666-7a09-11e9-910a-8cec4bd010f3,a6994581-7a09-11e9-910a-8cec4bd010f3,330408,眼外肌手术,,,,,0,1,,3.0,,0.3.33.3304.330408,0,,,,,,,,,,,,,,,,,,,,,,,,,,,,,,,,
a699f5f9-7a09-11e9-910a-8cec4bd010f3,a6994581-7a09-11e9-910a-8cec4bd010f3,330409,眼眶和眼球手术,,,,,0,1,,3.0,,0.3.33.3304.330409,0,,,,,,,,,,,,,,,,,,,,,,,,,,,,,,,,
a69a058b-7a09-11e9-910a-8cec4bd010f3,a698a3eb-7a09-11e9-910a-8cec4bd010f3,3305,5．耳部手术,,,,,0,1,,2.0,,0.3.33.3305,0,,,,,,,,,,,,,,,,,,,,,,,,,,,,,,,,
a69a1514-7a09-11e9-910a-8cec4bd010f3,a69a058b-7a09-11e9-910a-8cec4bd010f3,330501,外耳手术,,,,,0,1,,3.0,,0.3.33.3305.330501,0,,,,,,,,,,,,,,,,,,,,,,,,,,,,,,,,
a69a2499-7a09-11e9-910a-8cec4bd010f3,a69a058b-7a09-11e9-910a-8cec4bd010f3,330502,中耳手术,,,,,0,1,,3.0,,0.3.33.3305.330502,0,,,,,,,,,,,,,,,,,,,,,,,,,,,,,,,,
a69a3447-7a09-11e9-910a-8cec4bd010f3,a69a058b-7a09-11e9-910a-8cec4bd010f3,330503,内耳及其他耳部手术,,,,,0,1,,3.0,,0.3.33.3305.330503,0,,,,,,,,,,,,,,,,,,,,,,,,,,,,,,,,
a69a43cc-7a09-11e9-910a-8cec4bd010f3,a698a3eb-7a09-11e9-910a-8cec4bd010f3,3306,6．鼻、口、咽部手术,,,,,0,1,,2.0,,0.3.33.3306,0,,,,,,,,,,,,,,,,,,,,,,,,,,,,,,,,
a69a5363-7a09-11e9-910a-8cec4bd010f3,a69a43cc-7a09-11e9-910a-8cec4bd010f3,330601,鼻部手术,,,,,0,1,,3.0,,0.3.33.3306.330601,0,,,,,,,,,,,,,,,,,,,,,,,,,,,,,,,,
a69a62f6-7a09-11e9-910a-8cec4bd010f3,a69a43cc-7a09-11e9-910a-8cec4bd010f3,330602,副鼻窦手术,,,,,0,1,,3.0,,0.3.33.3306.330602,0,,,,,,,,,,,,,,,,,,,,,,,,,,,,,,,,
a69a7278-7a09-11e9-910a-8cec4bd010f3,a69a43cc-7a09-11e9-910a-8cec4bd010f3,330603,鼻部其他手术,,,,,0,1,,3.0,,0.3.33.3306.330603,0,,,,,,,,,,,,,,,,,,,,,,,,,,,,,,,,
a69a8214-7a09-11e9-910a-8cec4bd010f3,a69a43cc-7a09-11e9-910a-8cec4bd010f3,330604,口腔颌面一般手术,,特殊药物,,,0,1,,3.0,,0.3.33.3306.330604,0,,,,,,,,,,,,,,,,,,,,,,,,,,,,,,,,
a69a91a3-7a09-11e9-910a-8cec4bd010f3,a69a43cc-7a09-11e9-910a-8cec4bd010f3,330605,口腔肿瘤手术, ,特殊吻合线,,,0,1,,3.0,,0.3.33.3306.330605,0,,,,,,,,,,,,,,,,,,,,,,,,,,,,,,,,
a69aa155-7a09-11e9-910a-8cec4bd010f3,a69a43cc-7a09-11e9-910a-8cec4bd010f3,330606,口腔成形手术,含多功能腭裂开口器,特殊缝线、来复锯,,,0,1,,3.0,,0.3.33.3306.330606,0,,,,,,,,,,,,,,,,,,,,,,,,,,,,,,,,
a69ab11f-7a09-11e9-910a-8cec4bd010f3,a69a43cc-7a09-11e9-910a-8cec4bd010f3,330607,口腔正颌手术,含来复锯、微型骨动力系统、光导纤维,,,,0,1,,3.0,,0.3.33.3306.330607,0,,,,,,,,,,,,,,,,,,,,,,,,,,,,,,,,
a69ac0f6-7a09-11e9-910a-8cec4bd010f3,a69a43cc-7a09-11e9-910a-8cec4bd010f3,330608,口腔创伤手术,含微型骨动力系统、来复锯、光导纤维,,,,0,1,,3.0,,0.3.33.3306.330608,0,,,,,,,,,,,,,,,,,,,,,,,,,,,,,,,,
a69ad0cc-7a09-11e9-910a-8cec4bd010f3,a69a43cc-7a09-11e9-910a-8cec4bd010f3,330609,口腔种植手术,,人工骨及骨代用品,,,0,1,,3.0,,0.3.33.3306.330609,0,,,,,,,,,,,,,,,,,,,,,,,,,,,,,,,,
a69ae09c-7a09-11e9-910a-8cec4bd010f3,a69a43cc-7a09-11e9-910a-8cec4bd010f3,330610,扁桃体和腺样体手术,,,,,0,1,,3.0,,0.3.33.3306.330610,0,,,,,,,,,,,,,,,,,,,,,,,,,,,,,,,,
a69af077-7a09-11e9-910a-8cec4bd010f3,a69a43cc-7a09-11e9-910a-8cec4bd010f3,330611,咽部手术,,,,,0,1,,3.0,,0.3.33.3306.330611,0,,,,,,,,,,,,,,,,,,,,,,,,,,,,,,,,
a69b0036-7a09-11e9-910a-8cec4bd010f3,a69a43cc-7a09-11e9-910a-8cec4bd010f3,330612,全面部骨折手术,,,,,0,1,,3.0,,0.3.33.3306.330612,0,,,,,,,,,,,,,,,,,,,,,,,,,,,,,,,,
a69b0ff6-7a09-11e9-910a-8cec4bd010f3,a698a3eb-7a09-11e9-910a-8cec4bd010f3,3307,7．呼吸系统手术,,,,,0,1,,2.0,,0.3.33.3307,0,,,,,,,,,,,,,,,,,,,,,,,,,,,,,,,,
a69b1fc6-7a09-11e9-910a-8cec4bd010f3,a69b0ff6-7a09-11e9-910a-8cec4bd010f3,330701,喉及气管手术,,,,,0,1,,3.0,,0.3.33.3307.330701,0,,,,,,,,,,,,,,,,,,,,,,,,,,,,,,,,
a69b2f88-7a09-11e9-910a-8cec4bd010f3,a69b0ff6-7a09-11e9-910a-8cec4bd010f3,330702,肺和支气管手术,,,,双侧手术加收,0,1,,3.0,,0.3.33.3307.330702,0,,,,,,,,,,,,,,,,,,,,,,,,,,,,,,,,
a69b3f55-7a09-11e9-910a-8cec4bd010f3,a69b0ff6-7a09-11e9-910a-8cec4bd010f3,330703,胸壁、胸膜、纵隔、横隔手术,,,,,0,1,,3.0,,0.3.33.3307.330703,0,,,,,,,,,,,,,,,,,,,,,,,,,,,,,,,,
a69b4f17-7a09-11e9-910a-8cec4bd010f3,a698a3eb-7a09-11e9-910a-8cec4bd010f3,3308,8．心脏及血管系统手术,,特殊缝线,,,0,1,,2.0,,0.3.33.3308,0,,,,,,,,,,,,,,,,,,,,,,,,,,,,,,,,
a69b5ee4-7a09-11e9-910a-8cec4bd010f3,a69b4f17-7a09-11e9-910a-8cec4bd010f3,330801,心瓣膜和心间隔手术,,隔离人工瓣膜、同种异体瓣膜和各种修补材料等,,,0,1,,3.0,,0.3.33.3308.330801,0,,,,,,,,,,,,,,,,,,,,,,,,,,,,,,,,
a69b6eb8-7a09-11e9-910a-8cec4bd010f3,a69b4f17-7a09-11e9-910a-8cec4bd010f3,330802,心脏血管手术,,各种人工、同种异体血管、血管瓣膜和修补材料、特殊缝线等,,,0,1,,3.0,,0.3.33.3308.330802,0,,,,,,,,,,,,,,,,,,,,,,,,,,,,,,,,
a69b7e7e-7a09-11e9-910a-8cec4bd010f3,a69b4f17-7a09-11e9-910a-8cec4bd010f3,330803,心脏和心包的其他手术,,,,,0,1,,3.0,,0.3.33.3308.330803,0,,,,,,,,,,,,,,,,,,,,,,,,,,,,,,,,
a69b8e52-7a09-11e9-910a-8cec4bd010f3,a69b4f17-7a09-11e9-910a-8cec4bd010f3,330804,其他血管手术,,各种人工血管、转流管、人工补片等,,,0,1,,3.0,,0.3.33.3308.330804,0,,,,,,,,,,,,,,,,,,,,,,,,,,,,,,,,
a69b9e15-7a09-11e9-910a-8cec4bd010f3,a698a3eb-7a09-11e9-910a-8cec4bd010f3,3309,9．造血及淋巴系统手术,,,,,0,1,,2.0,,0.3.33.3309,0,,,,,,,,,,,,,,,,,,,,,,,,,,,,,,,,
a69badc6-7a09-11e9-910a-8cec4bd010f3,a698a3eb-7a09-11e9-910a-8cec4bd010f3,3310,10．消化系统手术,,,,,0,1,,2.0,,0.3.33.3310,0,,,,,,,,,,,,,,,,,,,,,,,,,,,,,,,,
a69bbd9d-7a09-11e9-910a-8cec4bd010f3,a69badc6-7a09-11e9-910a-8cec4bd010f3,331001,食管手术,,吻合器,,,0,1,,3.0,,0.3.33.3310.331001,0,,,,,,,,,,,,,,,,,,,,,,,,,,,,,,,,
a69bcd5f-7a09-11e9-910a-8cec4bd010f3,a69badc6-7a09-11e9-910a-8cec4bd010f3,331002,胃手术,,吻合器,,,0,1,,3.0,,0.3.33.3310.331002,0,,,,,,,,,,,,,,,,,,,,,,,,,,,,,,,,
a69bdd3a-7a09-11e9-910a-8cec4bd010f3,a69badc6-7a09-11e9-910a-8cec4bd010f3,331003,肠手术(不含直肠),,,,,0,1,,3.0,,0.3.33.3310.331003,0,,,,,,,,,,,,,,,,,,,,,,,,,,,,,,,,
a69bed03-7a09-11e9-910a-8cec4bd010f3,a69badc6-7a09-11e9-910a-8cec4bd010f3,331004,直肠肛门手术,,吻合器,,,0,1,,3.0,,0.3.33.3310.331004,0,,,,,,,,,,,,,,,,,,,,,,,,,,,,,,,,
a69bfcc9-7a09-11e9-910a-8cec4bd010f3,a69badc6-7a09-11e9-910a-8cec4bd010f3,331005,肝脏手术,,,,,0,1,,3.0,,0.3.33.3310.331005,0,,,,,,,,,,,,,,,,,,,,,,,,,,,,,,,,
a69c0ca1-7a09-11e9-910a-8cec4bd010f3,a69badc6-7a09-11e9-910a-8cec4bd010f3,331006,胆道手术,,吻合器,,,0,1,,3.0,,0.3.33.3310.331006,0,,,,,,,,,,,,,,,,,,,,,,,,,,,,,,,,
a69c1c63-7a09-11e9-910a-8cec4bd010f3,a69badc6-7a09-11e9-910a-8cec4bd010f3,331007,胰腺手术,,,,,0,1,,3.0,,0.3.33.3310.331007,0,,,,,,,,,,,,,,,,,,,,,,,,,,,,,,,,
a69c2c3d-7a09-11e9-910a-8cec4bd010f3,a69badc6-7a09-11e9-910a-8cec4bd010f3,331008,其他腹部手术,,,,,0,1,,3.0,,0.3.33.3310.331008,0,,,,,,,,,,,,,,,,,,,,,,,,,,,,,,,,
a69c3bfc-7a09-11e9-910a-8cec4bd010f3,a698a3eb-7a09-11e9-910a-8cec4bd010f3,3311,11．泌尿系统手术,,特殊尿管、网状支架,,,0,1,,2.0,,0.3.33.3311,0,,,,,,,,,,,,,,,,,,,,,,,,,,,,,,,,
a69c4bbf-7a09-11e9-910a-8cec4bd010f3,a69c3bfc-7a09-11e9-910a-8cec4bd010f3,331101,肾脏手术,,,,,0,1,,3.0,,0.3.33.3311.331101,0,,,,,,,,,,,,,,,,,,,,,,,,,,,,,,,,
a69c5b96-7a09-11e9-910a-8cec4bd010f3,a69c3bfc-7a09-11e9-910a-8cec4bd010f3,331102,肾盂和输尿管手术,,,,,0,1,,3.0,,0.3.33.3311.331102,0,,,,,,,,,,,,,,,,,,,,,,,,,,,,,,,,
a69c6b5c-7a09-11e9-910a-8cec4bd010f3,a69c3bfc-7a09-11e9-910a-8cec4bd010f3,331103,膀胱手术,,,,,0,1,,3.0,,0.3.33.3311.331103,0,,,,,,,,,,,,,,,,,,,,,,,,,,,,,,,,
a69c7b30-7a09-11e9-910a-8cec4bd010f3,a69c3bfc-7a09-11e9-910a-8cec4bd010f3,331104,尿道手术,,,,,0,1,,3.0,,0.3.33.3311.331104,0,,,,,,,,,,,,,,,,,,,,,,,,,,,,,,,,
a69c8af9-7a09-11e9-910a-8cec4bd010f3,a698a3eb-7a09-11e9-910a-8cec4bd010f3,3312,12．男性生殖系统手术,,,,,0,1,,2.0,,0.3.33.3312,0,,,,,,,,,,,,,,,,,,,,,,,,,,,,,,,,
a69c9ad7-7a09-11e9-910a-8cec4bd010f3,a69c8af9-7a09-11e9-910a-8cec4bd010f3,331201,前列腺、精囊腺手术,,,,,0,1,,3.0,,0.3.33.3312.331201,0,,,,,,,,,,,,,,,,,,,,,,,,,,,,,,,,
a69caab5-7a09-11e9-910a-8cec4bd010f3,a69c8af9-7a09-11e9-910a-8cec4bd010f3,331202,阴囊、睾丸手术,,,,,0,1,,3.0,,0.3.33.3312.331202,0,,,,,,,,,,,,,,,,,,,,,,,,,,,,,,,,
a69cba77-7a09-11e9-910a-8cec4bd010f3,a69c8af9-7a09-11e9-910a-8cec4bd010f3,331203,附睾、输精管、精索手术,,,,,0,1,,3.0,,0.3.33.3312.331203,0,,,,,,,,,,,,,,,,,,,,,,,,,,,,,,,,
a69cca4f-7a09-11e9-910a-8cec4bd010f3,a69c8af9-7a09-11e9-910a-8cec4bd010f3,331204,阴茎手术,,,,,0,1,,3.0,,0.3.33.3312.331204,0,,,,,,,,,,,,,,,,,,,,,,,,,,,,,,,,
a69cda0e-7a09-11e9-910a-8cec4bd010f3,a698a3eb-7a09-11e9-910a-8cec4bd010f3,3313,13．女性生殖系统手术,,,,,0,1,,2.0,,0.3.33.3313,0,,,,,,,,,,,,,,,,,,,,,,,,,,,,,,,,
a69ce9d0-7a09-11e9-910a-8cec4bd010f3,a69cda0e-7a09-11e9-910a-8cec4bd010f3,331301,卵巢手术,,,,,0,1,,3.0,,0.3.33.3313.331301,0,,,,,,,,,,,,,,,,,,,,,,,,,,,,,,,,
a69cf9ab-7a09-11e9-910a-8cec4bd010f3,a69cda0e-7a09-11e9-910a-8cec4bd010f3,331302,输卵管手术,,,,,0,1,,3.0,,0.3.33.3313.331302,0,,,,,,,,,,,,,,,,,,,,,,,,,,,,,,,,
a69d0971-7a09-11e9-910a-8cec4bd010f3,a69cda0e-7a09-11e9-910a-8cec4bd010f3,331303,子宫手术,,,,,0,1,,3.0,,0.3.33.3313.331303,0,,,,,,,,,,,,,,,,,,,,,,,,,,,,,,,,
a69d1944-7a09-11e9-910a-8cec4bd010f3,a69cda0e-7a09-11e9-910a-8cec4bd010f3,331304,阴道手术,,,,,0,1,,3.0,,0.3.33.3313.331304,0,,,,,,,,,,,,,,,,,,,,,,,,,,,,,,,,
a69d290a-7a09-11e9-910a-8cec4bd010f3,a69cda0e-7a09-11e9-910a-8cec4bd010f3,331305,外阴手术,,,,,0,1,,3.0,,0.3.33.3313.331305,0,,,,,,,,,,,,,,,,,,,,,,,,,,,,,,,,
a69d38d3-7a09-11e9-910a-8cec4bd010f3,a69cda0e-7a09-11e9-910a-8cec4bd010f3,331306,女性生殖器官其他手术,,,,,0,1,,3.0,,0.3.33.3313.331306,0,,,,,,,,,,,,,,,,,,,,,,,,,,,,,,,,
a69d48a4-7a09-11e9-910a-8cec4bd010f3,a698a3eb-7a09-11e9-910a-8cec4bd010f3,3314,14．产科手术与操作,,特殊脐带夹,,,0,1,,2.0,,0.3.33.3314,0,,,,,,,,,,,,,,,,,,,,,,,,,,,,,,,,
a69d5863-7a09-11e9-910a-8cec4bd010f3,a698a3eb-7a09-11e9-910a-8cec4bd010f3,3315,15．肌肉骨骼系统手术,不含C型臂和一般X光透视,内、外固定的材料,,取骨另计,0,1,,2.0,,0.3.33.3315,0,,,,,,,,,,,,,,,,,,,,,,,,,,,,,,,,
a69d6841-7a09-11e9-910a-8cec4bd010f3,a69d5863-7a09-11e9-910a-8cec4bd010f3,331501,脊柱骨关节手术,,,,,0,1,,3.0,,0.3.33.3315.331501,0,,,,,,,,,,,,,,,,,,,,,,,,,,,,,,,,
a69d7818-7a09-11e9-910a-8cec4bd010f3,a69d5863-7a09-11e9-910a-8cec4bd010f3,331502,胸廓与周围神经手术,,特殊缝线,,,0,1,,3.0,,0.3.33.3315.331502,0,,,,,,,,,,,,,,,,,,,,,,,,,,,,,,,,
a69d87ec-7a09-11e9-910a-8cec4bd010f3,a69d5863-7a09-11e9-910a-8cec4bd010f3,331503,四肢骨肿瘤和病损切除手术,,,,,0,1,,3.0,,0.3.33.3315.331503,0,,,,,,,,,,,,,,,,,,,,,,,,,,,,,,,,
a69d97c9-7a09-11e9-910a-8cec4bd010f3,a69d5863-7a09-11e9-910a-8cec4bd010f3,331504,四肢和脊椎骨结核手术,,,,,0,1,,3.0,,0.3.33.3315.331504,0,,,,,,,,,,,,,,,,,,,,,,,,,,,,,,,,
a69da78f-7a09-11e9-910a-8cec4bd010f3,a69d5863-7a09-11e9-910a-8cec4bd010f3,331505,四肢骨折手术,,,,,0,1,,3.0,,0.3.33.3315.331505,0,,,,,,,,,,,,,,,,,,,,,,,,,,,,,,,,
a69db770-7a09-11e9-910a-8cec4bd010f3,a69d5863-7a09-11e9-910a-8cec4bd010f3,331506,四肢关节损伤与脱位手术,,,,,0,1,,3.0,,0.3.33.3315.331506,0,,,,,,,,,,,,,,,,,,,,,,,,,,,,,,,,
a69dc73a-7a09-11e9-910a-8cec4bd010f3,a69d5863-7a09-11e9-910a-8cec4bd010f3,331507,人工关节置换手术,,人工关节,,,0,1,,3.0,,0.3.33.3315.331507,0,,,,,,,,,,,,,,,,,,,,,,,,,,,,,,,,
a69dd881-7a09-11e9-910a-8cec4bd010f3,a69d5863-7a09-11e9-910a-8cec4bd010f3,331508,骨骺固定手术,,,,,0,1,,3.0,,0.3.33.3315.331508,0,,,,,,,,,,,,,,,,,,,,,,,,,,,,,,,,
a69de877-7a09-11e9-910a-8cec4bd010f3,a69d5863-7a09-11e9-910a-8cec4bd010f3,331509,四肢骨切除、刮除手术,,,,,0,1,,3.0,,0.3.33.3315.331509,0,,,,,,,,,,,,,,,,,,,,,,,,,,,,,,,,
a69df8bb-7a09-11e9-910a-8cec4bd010f3,a69d5863-7a09-11e9-910a-8cec4bd010f3,331510,四肢骨截骨术,,,,,0,1,,3.0,,0.3.33.3315.331510,0,,,,,,,,,,,,,,,,,,,,,,,,,,,,,,,,
a69e08a7-7a09-11e9-910a-8cec4bd010f3,a69d5863-7a09-11e9-910a-8cec4bd010f3,331511,关节融合术,,,,,0,1,,3.0,,0.3.33.3315.331511,0,,,,,,,,,,,,,,,,,,,,,,,,,,,,,,,,
a69e18b2-7a09-11e9-910a-8cec4bd010f3,a69d5863-7a09-11e9-910a-8cec4bd010f3,331512,四肢骨骨关节成形术,,,,,0,1,,3.0,,0.3.33.3315.331512,0,,,,,,,,,,,,,,,,,,,,,,,,,,,,,,,,
a69e288f-7a09-11e9-910a-8cec4bd010f3,a69d5863-7a09-11e9-910a-8cec4bd010f3,331513,截肢术,,,,,0,1,,3.0,,0.3.33.3315.331513,0,,,,,,,,,,,,,,,,,,,,,,,,,,,,,,,,
a69e3863-7a09-11e9-910a-8cec4bd010f3,a69d5863-7a09-11e9-910a-8cec4bd010f3,331514,断肢再植术,,,,,0,1,,3.0,,0.3.33.3315.331514,0,,,,,,,,,,,,,,,,,,,,,,,,,,,,,,,,
a69e4830-7a09-11e9-910a-8cec4bd010f3,a69d5863-7a09-11e9-910a-8cec4bd010f3,331515,手部骨折手术,,,,,0,1,,3.0,,0.3.33.3315.331515,0,,,,,,,,,,,,,,,,,,,,,,,,,,,,,,,,
a69e580b-7a09-11e9-910a-8cec4bd010f3,a69d5863-7a09-11e9-910a-8cec4bd010f3,331516,手部关节脱位手术,,,,,0,1,,3.0,,0.3.33.3315.331516,0,,,,,,,,,,,,,,,,,,,,,,,,,,,,,,,,
a69e67db-7a09-11e9-910a-8cec4bd010f3,a69d5863-7a09-11e9-910a-8cec4bd010f3,331517,手部关节融合术,,,,,0,1,,3.0,,0.3.33.3315.331517,0,,,,,,,,,,,,,,,,,,,,,,,,,,,,,,,,
a69e7807-7a09-11e9-910a-8cec4bd010f3,a69d5863-7a09-11e9-910a-8cec4bd010f3,331518,手部骨切除术,,,,,0,1,,3.0,,0.3.33.3315.331518,0,,,,,,,,,,,,,,,,,,,,,,,,,,,,,,,,
a69e87f9-7a09-11e9-910a-8cec4bd010f3,a69d5863-7a09-11e9-910a-8cec4bd010f3,331519,手部成形手术,,,,,0,1,,3.0,,0.3.33.3315.331519,0,,,,,,,,,,,,,,,,,,,,,,,,,,,,,,,,
a69e97c9-7a09-11e9-910a-8cec4bd010f3,a69d5863-7a09-11e9-910a-8cec4bd010f3,331520,手外伤其他手术,,,,,0,1,,3.0,,0.3.33.3315.331520,0,,,,,,,,,,,,,,,,,,,,,,,,,,,,,,,,
a69ea7a4-7a09-11e9-910a-8cec4bd010f3,a69d5863-7a09-11e9-910a-8cec4bd010f3,331521,手外伤皮瓣术,,,,,0,1,,3.0,,0.3.33.3315.331521,0,,,,,,,,,,,,,,,,,,,,,,,,,,,,,,,,
a69eb771-7a09-11e9-910a-8cec4bd010f3,a69d5863-7a09-11e9-910a-8cec4bd010f3,331522,肌肉、肌腱、韧带手术,,,,,0,1,,3.0,,0.3.33.3315.331522,0,,,,,,,,,,,,,,,,,,,,,,,,,,,,,,,,
a69ec745-7a09-11e9-910a-8cec4bd010f3,a69d5863-7a09-11e9-910a-8cec4bd010f3,331523,骨关节其他手术,,,,,0,1,,3.0,,0.3.33.3315.331523,0,,,,,,,,,,,,,,,,,,,,,,,,,,,,,,,,
a69ed70b-7a09-11e9-910a-8cec4bd010f3,a698a3eb-7a09-11e9-910a-8cec4bd010f3,3316,16．体被系统手术,,,,,0,1,,2.0,,0.3.33.3316,0,,,,,,,,,,,,,,,,,,,,,,,,,,,,,,,,
a69ee6d1-7a09-11e9-910a-8cec4bd010f3,a69ed70b-7a09-11e9-910a-8cec4bd010f3,331601,乳房手术,,,,,0,1,,3.0,,0.3.33.3316.331601,0,,,,,,,,,,,,,,,,,,,,,,,,,,,,,,,,
a69ef6a4-7a09-11e9-910a-8cec4bd010f3,a69ed70b-7a09-11e9-910a-8cec4bd010f3,331602,皮肤和皮下组织手术,,,,,0,1,,3.0,,0.3.33.3316.331602,0,,,,,,,,,,,,,,,,,,,,,,,,,,,,,,,,
a69f066a-7a09-11e9-910a-8cec4bd010f3,a69ed70b-7a09-11e9-910a-8cec4bd010f3,331603,烧伤处理和植皮术,,,,,0,1,,3.0,,0.3.33.3316.331603,0,,,,,,,,,,,,,,,,,,,,,,,,,,,,,,,,
a69f163d-7a09-11e9-910a-8cec4bd010f3,a69ed70b-7a09-11e9-910a-8cec4bd010f3,331604,皮肤和皮下组织修补与重建,,,,,0,1,,3.0,,0.3.33.3316.331604,0,,,,,,,,,,,,,,,,,,,,,,,,,,,,,,,,
a69f25d3-7a09-11e9-910a-8cec4bd010f3,a692922f-7a09-11e9-910a-8cec4bd010f3,34,(四)物理治疗与康复,,,,,0,1,,1.0,,0.3.34,0,,,,,,,,,,,,,,,,,,,,,,,,,,,,,,,,
a69f356d-7a09-11e9-910a-8cec4bd010f3,a69f25d3-7a09-11e9-910a-8cec4bd010f3,3401,1．物理治疗,,,,,0,1,,2.0,,0.3.34.3401,0,,,,,,,,,,,,,,,,,,,,,,,,,,,,,,,,
a69f4523-7a09-11e9-910a-8cec4bd010f3,a69f25d3-7a09-11e9-910a-8cec4bd010f3,3402,2．康复,,,,,0,1,,2.0,,0.3.34.3402,0,,,,,,,,,,,,,,,,,,,,,,,,,,,,,,,,
a69f5486-7a09-11e9-910a-8cec4bd010f3,0,4,四、中医及民族医诊疗类,,,,"1、本类包括中医外治、中医骨伤、针刺、灸法、推拿疗法、中医肛肠、中医特殊疗法、中医综合类8个亚类，分类码为4，共计231项。
2、与西医相同的医疗服务项目，需在相应的西医系统医疗服务项目中查找，不在此重复列项。 
3、本类根据“项目内涵”、“说明”共拆分分解项（标记☆）94项，加收项（标记△）23项，集中讨论拟增补（标记为○）38项。",0,1,,0.0,,0.4,0,,,,,,,,,,,,,,,,,,,,,,,,,,,,,,,,
a69f6400-7a09-11e9-910a-8cec4bd010f3,a69f5486-7a09-11e9-910a-8cec4bd010f3,41,(一)中医外治,,药物,,,0,1,,1.0,,0.4.41,0,,,,,,,,,,,,,,,,,,,,,,,,,,,,,,,,
a69f736d-7a09-11e9-910a-8cec4bd010f3,a69f5486-7a09-11e9-910a-8cec4bd010f3,42,(二)中医骨伤,不含X光透视、麻醉。部分项目参见肌肉骨骼系统手术,,,,0,1,,1.0,,0.4.42,0,,,,,,,,,,,,,,,,,,,,,,,,,,,,,,,,
a69f82d7-7a09-11e9-910a-8cec4bd010f3,a69f5486-7a09-11e9-910a-8cec4bd010f3,43,(三)针刺,,,,,0,1,,1.0,,0.4.43,0,,,,,,,,,,,,,,,,,,,,,,,,,,,,,,,,
a69f9252-7a09-11e9-910a-8cec4bd010f3,a69f5486-7a09-11e9-910a-8cec4bd010f3,44,(四)灸法,,,,,0,1,,1.0,,0.4.44,0,,,,,,,,,,,,,,,,,,,,,,,,,,,,,,,,
a69fa1b9-7a09-11e9-910a-8cec4bd010f3,a69f5486-7a09-11e9-910a-8cec4bd010f3,45,(五)推拿疗法,,,,,0,1,,1.0,,0.4.45,0,,,,,,,,,,,,,,,,,,,,,,,,,,,,,,,,
a69fb12c-7a09-11e9-910a-8cec4bd010f3,a69f5486-7a09-11e9-910a-8cec4bd010f3,46,(六)中医肛肠,,,,,0,1,,1.0,,0.4.46,0,,,,,,,,,,,,,,,,,,,,,,,,,,,,,,,,
a69fc093-7a09-11e9-910a-8cec4bd010f3,a69f5486-7a09-11e9-910a-8cec4bd010f3,47,(七)中医特殊疗法,,,,,0,1,,1.0,,0.4.47,0,,,,,,,,,,,,,,,,,,,,,,,,,,,,,,,,
a69fcff9-7a09-11e9-910a-8cec4bd010f3,a69f5486-7a09-11e9-910a-8cec4bd010f3,48,(八)中医综合,,,,,0,1,,1.0,,0.4.48,0,,,,,,,,,,,,,,,,,,,,,,,,,,,,,,,,
a69fdf74-7a09-11e9-910a-8cec4bd010f3,a69f5486-7a09-11e9-910a-8cec4bd010f3,49,(九)民族医,,,,,0,1,,1.0,,0.4.49,0,,,,,,,,,,,,,,,,,,,,,,,,,,,,,,,,
a69feede-7a09-11e9-910a-8cec4bd010f3,a69fdf74-7a09-11e9-910a-8cec4bd010f3,4901,藏医,,,,,0,1,,2.0,,0.4.49.4901,0,,,,,,,,,,,,,,,,,,,,,,,,,,,,,,,,
a69ffe82-7a09-11e9-910a-8cec4bd010f3,a69fdf74-7a09-11e9-910a-8cec4bd010f3,4902,蒙医,,,,,0,1,,2.0,,0.4.49.4902,0,,,,,,,,,,,,,,,,,,,,,,,,,,,,,,,,
a6a00dfd-7a09-11e9-910a-8cec4bd010f3,a69fdf74-7a09-11e9-910a-8cec4bd010f3,4903,维医,,,,,0,1,,2.0,,0.4.49.4903,0,,,,,,,,,,,,,,,,,,,,,,,,,,,,,,,,
a6a01d6a-7a09-11e9-910a-8cec4bd010f3,a69fdf74-7a09-11e9-910a-8cec4bd010f3,4904,其它民族医,,,,,0,1,,2.0,,0.4.49.4904,0,,,,,,,,,,,,,,,,,,,,,,,,,,,,,,,,
